	Rk	Name	Age	Tm	Lg	G	PA	AB	R	H	2B	3B	HR	RBI	SB	CS	BB	SO	BA	OBP	SLG	OPS	OPS+	TB	GDP	HBP	SH	SF	IBB	Pos Summary
0	1.0	Bryan Abreu\abreubr01	24.0	HOU	AL	1	0	0	0	0	0	0	0	0	0	0	0	0						0	0	0	0	0	0	/1
1	2.0	José Abreu\abreujo02	34.0	CHW	AL	18	79	68	9	15	2	0	4	14	1	0	10	25	0.221	0.316	0.426	0.743	112.0	29	3	0	0	1	0	*3/D
2	3.0	Ronald Acuna Jr.\acunaro01	23.0	ATL	NL	16	72	62	21	26	6	1	7	16	3	0	9	10	0.419	0.486	0.887	1.3730000000000002	255.0	55	0	0	0	1	0	*9
3	4.0	Jason Adam\adamja01	29.0	CHC	NL	7	0	0	0	0	0	0	0	0	0	0	0	0						0	0	0	0	0	0	/1
4	5.0	Willy Adames\adamewi01	25.0	TBR	AL	19	65	63	7	13	3	1	2	5	1	1	2	19	0.20600000000000002	0.231	0.381	0.612	77.0	24	0	0	0	0	0	*6/H
5	6.0	Austin Adams\adamsau02	30.0	SDP	NL	6	0	0	0	0	0	0	0	0	0	0	0	0						0	0	0	0	0	0	/1
6	7.0	Ehire Adrianza#\adriaeh01	31.0	ATL	NL	13	33	27	6	8	2	1	2	8	0	0	2	4	0.29600000000000004	0.313	0.667	0.9790000000000001	151.0	18	1	0	1	3	0	/H459
7	8.0	Jesus Aguilar\aguilje01	31.0	MIA	NL	17	68	56	5	16	4	0	0	11	0	0	10	7	0.28600000000000003	0.382	0.35700000000000004	0.7390000000000001	108.0	20	1	0	0	2	0	*3/H
8	9.0	Nick Ahmed\ahmedni01	31.0	ARI	NL	11	42	40	2	3	0	0	0	2	1	0	2	10	0.075	0.11900000000000001	0.075	0.19399999999999998	-45.0	3	0	0	0	0	0	6/H
9	10.0	Hanser Alberto\alberha01	28.0	KCR	AL	14	40	38	5	9	4	2	0	5	0	1	0	5	0.237	0.256	0.447	0.7040000000000001	93.0	17	0	1	1	0	0	*5/H416
10	11.0	Ozzie Albies#\albieoz01	24.0	ATL	NL	16	69	58	7	9	4	0	2	8	0	0	7	11	0.155	0.261	0.32799999999999996	0.588	55.0	19	0	2	0	2	0	*4
11	12.0	Jorge Alcala\alcaljo01	25.0	MIN	AL	1	0	0	0	0	0	0	0	0	0	0	0	0						0	0	0	0	0	0	/1
12	13.0	Sandy Alcantara\alcansa01	25.0	MIA	NL	4	8	8	0	0	0	0	0	0	0	0	0	7	0.0	0.0	0.0	0.0	-100.0	0	0	0	0	0	0	/1
13	14.0	Scott Alexander*\alexasc02	31.0	LAD	NL	6	0	0	0	0	0	0	0	0	0	0	0	0						0	0	0	0	0	0	/1
14	15.0	Jorge Alfaro\alfarjo01	28.0	MIA	NL	10	36	35	1	8	1	0	0	3	1	0	1	12	0.22899999999999998	0.25	0.257	0.507	42.0	9	0	0	0	0	0	/2H
15	16.0	Anthony Alford\alforan01	26.0	PIT	NL	11	29	24	2	2	0	0	0	0	1	1	4	16	0.083	0.24100000000000002	0.083	0.325	-4.0	2	1	1	0	0	0	/8H9
16	17.0	Logan Allen\allenlo01	24.0	CLE	AL	1	1	1	0	0	0	0	0	0	0	0	0	1	0.0	0.0	0.0	0.0	-100.0	0	0	0	0	0	0	/1
17	18.0	Yency Almonte#\almonye01	27.0	COL	NL	9	0	0	0	0	0	0	0	0	0	0	0	0						0	0	0	0	0	0	/1
18	19.0	Albert Almora\almoral01	27.0	NYM	NL	7	4	4	1	1	0	0	0	0	0	0	0	2	0.25	0.25	0.25	0.5	42.0	1	0	0	0	0	0	/8H
19	20.0	Pete Alonso\alonspe01	26.0	NYM	NL	14	58	52	7	12	2	0	4	11	0	0	5	17	0.231	0.293	0.5	0.7929999999999999	119.0	26	1	0	0	1	0	*3
20	21.0	Dan Altavilla\altavda01	28.0	SDP	NL	2	0	0	0	0	0	0	0	0	0	0	0	0						0	0	0	0	0	0	/1
21	22.0	Jose Altuve\altuvjo01	31.0	HOU	AL	11	50	44	11	14	3	0	1	5	0	0	5	6	0.318	0.38	0.455	0.835	136.0	20	1	0	0	1	0	4
22	23.0	Jose Alvarado*\alvarjo03	26.0	PHI	NL	6	0	0	0	0	0	0	0	0	0	0	0	0						0	0	0	0	0	0	/1
23	24.0	Jose Alvarez*\alvarjo02	32.0	SFG	NL	6	0	0	0	0	0	0	0	0	0	0	0	0						0	0	0	0	0	0	/1
24	25.0	Yordan Álvarez*\alvaryo01	24.0	HOU	AL	13	55	51	7	14	4	0	2	8	0	0	2	13	0.275	0.309	0.47100000000000003	0.78	118.0	24	1	1	0	1	0	*D/H
25	26.0	Adbert Alzolay\alzolad01	26.0	CHC	NL	2	3	3	0	0	0	0	0	0	0	0	0	1	0.0	0.0	0.0	0.0	-100.0	0	0	0	0	0	0	/1
26	27.0	Brett Anderson*\anderbr04	33.0	MIL	NL	3	7	6	0	0	0	0	0	1	0	0	1	3	0.0	0.14300000000000002	0.0	0.14300000000000002	-56.0	0	1	0	0	0	0	/1
27	28.0	Brian Anderson\anderbr06	28.0	MIA	NL	16	65	60	3	11	3	0	1	5	0	0	5	15	0.183	0.24600000000000002	0.28300000000000003	0.529	47.0	17	1	0	0	0	0	*5
28	29.0	Chase Anderson\anderch01	33.0	PHI	NL	3	3	3	0	0	0	0	0	0	0	0	0	1	0.0	0.0	0.0	0.0	-100.0	0	0	0	0	0	0	/1
29	30.0	Ian Anderson\anderia01	23.0	ATL	NL	3	4	3	0	1	1	0	0	0	0	0	0	1	0.33299999999999996	0.33299999999999996	0.667	1.0	158.0	2	0	0	1	0	0	/1
30	31.0	Tim Anderson\anderti01	28.0	CHW	AL	9	38	38	9	13	1	0	3	3	3	0	0	9	0.342	0.342	0.605	0.9470000000000001	166.0	23	0	0	0	0	0	/6
31	32.0	Tyler Anderson*\anderty01	31.0	PIT	NL	3	6	6	0	0	0	0	0	0	0	0	0	5	0.0	0.0	0.0	0.0	-100.0	0	0	0	0	0	0	/1
32	33.0	Matt Andriese\andrima01	31.0	BOS	AL	1	0	0	0	0	0	0	0	0	0	0	0	0						0	0	0	0	0	0	/1
33	34.0	Elvis Andrus\andruel01	32.0	OAK	AL	19	70	63	5	9	3	0	0	4	3	0	5	14	0.14300000000000002	0.2	0.19	0.39	17.0	12	2	0	0	2	1	*6
34	35.0	Tejay Antone\antonte01	27.0	CIN	NL	6	3	1	1	0	0	0	0	0	0	0	1	1	0.0	0.5	0.0	0.5	48.0	0	0	0	1	0	0	/1
35	36.0	Aristides Aquino\aquinar01	27.0	CIN	NL	10	14	13	2	3	1	0	2	3	0	0	1	5	0.231	0.28600000000000003	0.769	1.055	166.0	10	0	0	0	0	1	/H978
36	37.0	Chris Archer\archech01	32.0	TBR	AL	1	0	0	0	0	0	0	0	0	0	0	0	0						0	0	0	0	0	0	/1
37	38.0	Orlando Arcia\arciaor01	26.0	MIL	NL	4	11	11	0	1	0	0	0	1	0	0	0	3	0.091	0.091	0.091	0.182	-50.0	1	0	0	0	0	0	/56
38	39.0	Nolan Arenado\arenano01	30.0	STL	NL	18	77	71	9	19	4	0	4	10	0	0	6	14	0.268	0.325	0.493	0.818	128.0	35	2	0	0	0	1	*5
39	40.0	Shawn Armstrong\armstsh01	30.0	BAL	AL	1	0	0	0	0	0	0	0	0	0	0	0	0						0	0	0	0	0	0	/1
40	41.0	Randy Arozarena\arozara01	26.0	TBR	AL	17	74	68	9	19	3	0	2	7	1	0	4	24	0.27899999999999997	0.33799999999999997	0.41200000000000003	0.75	121.0	28	3	2	0	0	0	*9/78H
41	42.0	Luis Arraez*\arraelu01	24.0	MIN	AL	16	66	55	9	17	2	0	1	8	0	0	10	8	0.309	0.409	0.4	0.809	138.0	22	1	0	0	1	0	5/47
42	43.0	Jake Arrieta\arrieja01	35.0	CHC	NL	4	8	6	0	0	0	0	0	0	0	0	1	6	0.0	0.14300000000000002	0.0	0.14300000000000002	-55.0	0	0	0	1	0	0	/1
43	44.0	Christian Arroyo\arroych01	26.0	BOS	AL	14	47	44	6	16	7	0	0	3	1	0	2	9	0.364	0.40399999999999997	0.523	0.927	158.0	23	0	1	0	0	0	*4/H6
44	45.0	Willians Astudillo\astudwi01	29.0	MIN	AL	12	36	35	1	10	2	0	0	5	0	0	0	1	0.28600000000000003	0.278	0.34299999999999997	0.621	80.0	12	0	0	0	1	0	/354H21
45	46.0	Alex Avila*\avilaal01	34.0	WSN	NL	3	10	9	0	2	2	0	0	1	0	0	1	3	0.222	0.3	0.444	0.7440000000000001	105.0	4	0	0	0	0	0	/2
46	47.0	Luis Avilan*\avilalu01	31.0	WSN	NL	4	0	0	0	0	0	0	0	0	0	0	0	0						0	0	0	0	0	0	/1
47	48.0	Akil Baddoo*\baddoak01	22.0	DET	AL	14	46	44	6	13	4	2	4	13	1	0	1	18	0.295	0.304	0.75	1.054	188.0	33	0	0	0	1	0	*/789H
48	49.0	Javier Baez\baezja01	28.0	CHC	NL	18	73	68	10	14	2	0	5	16	5	0	1	34	0.20600000000000002	0.25	0.456	0.706	93.0	31	0	3	0	0	0	*6
49	50.0	Caleb Baragar\baragca01	27.0	SFG	NL	6	0	0	0	0	0	0	0	0	0	0	0	0						0	0	0	0	0	0	/1
50	51.0	Daniel Bard\bardda01	36.0	COL	NL	8	0	0	0	0	0	0	0	0	0	0	0	0						0	0	0	0	0	0	/1
51	52.0	Austin Barnes\barneau01	31.0	LAD	NL	10	32	28	0	6	1	0	0	3	0	0	4	9	0.214	0.313	0.25	0.563	61.0	7	2	0	0	0	0	/2HD
52	53.0	Jacob Barnes\barneja01	31.0	NYM	NL	3	0	0	0	0	0	0	0	0	0	0	0	0						0	0	0	0	0	0	/1
53	54.0	Tucker Barnhart*\barnhtu01	30.0	CIN	NL	12	46	41	8	15	4	0	2	9	0	0	4	15	0.366	0.435	0.61	1.045	172.0	25	1	1	0	0	0	*2
54	55.0	Tres Barrera\barretr01	26.0	WSN	NL	1	2	2	0	0	0	0	0	0	0	0	0	1	0.0	0.0	0.0	0.0	-100.0	0	0	0	0	0	0	/2
55	56.0	Anthony Bass\bassan01	33.0	MIA	NL	8	0	0	0	0	0	0	0	0	0	0	0	0						0	0	0	0	0	0	/1
56	57.0	Chris Bassitt\bassich01	32.0	OAK	AL	1	2	2	0	0	0	0	0	0	0	0	0	2	0.0	0.0	0.0	0.0	-100.0	0	0	0	0	0	0	/1
57	58.0	Trevor Bauer\bauertr01	30.0	LAD	NL	3	9	6	0	0	0	0	0	1	0	0	0	3	0.0	0.0	0.0	0.0	-100.0	0	0	0	3	0	0	/1
58	59.0	Jake Bauers*\bauerja01	25.0	CLE	AL	14	34	31	0	4	1	0	0	1	0	0	2	9	0.129	0.182	0.161	0.34299999999999997	-2.0	5	0	0	0	0	1	*3/H
59	60.0	Matt Beaty*\beatyma01	28.0	LAD	NL	10	13	11	0	1	0	0	0	0	0	0	2	6	0.091	0.231	0.091	0.322	-4.0	1	0	0	0	0	0	/H3D79
60	61.0	David Bednar*\bednada01	26.0	PIT	NL	8	0	0	0	0	0	0	0	0	0	0	0	0						0	0	0	0	0	0	/1
61	62.0	Cam Bedrosian\bedroca01	29.0	CIN	NL	6	0	0	0	0	0	0	0	0	0	0	0	0						0	0	0	0	0	0	/1
62	63.0	Josh Bell#\belljo02	28.0	WSN	NL	9	36	31	8	5	2	0	1	3	0	0	3	10	0.161	0.25	0.32299999999999995	0.573	59.0	10	1	1	0	1	0	/3H
63	64.0	Cody Bellinger*\bellico01	25.0	LAD	NL	4	21	19	2	4	1	1	0	2	0	0	2	5	0.21100000000000002	0.28600000000000003	0.368	0.654	83.0	7	0	0	0	0	0	/8
64	65.0	Brandon Belt*\beltbr01	33.0	SFG	NL	18	50	43	6	8	2	0	3	6	1	1	7	16	0.18600000000000003	0.3	0.442	0.742	109.0	19	1	0	0	0	0	*3/H
65	66.0	Anthony Bemboom*\bemboan01	31.0	LAA	AL	2	7	7	0	2	0	0	0	0	0	0	0	3	0.28600000000000003	0.28600000000000003	0.28600000000000003	0.5710000000000001	62.0	2	0	0	0	0	0	/2
66	67.0	Andrew Benintendi*\beninan01	26.0	KCR	AL	16	67	61	8	12	3	0	0	4	3	2	6	17	0.19699999999999998	0.26899999999999996	0.24600000000000002	0.515	46.0	15	2	0	0	0	0	*7
67	68.0	Jose Berrios\berrijo01	27.0	MIN	AL	1	2	2	0	0	0	0	0	0	0	0	0	2	0.0	0.0	0.0	0.0	-100.0	0	0	0	0	0	0	/1
68	69.0	Jon Berti\bertijo01	31.0	MIA	NL	16	41	36	5	7	3	0	0	5	0	1	5	12	0.19399999999999998	0.293	0.278	0.57	60.0	10	0	0	0	0	0	/4H57
69	70.0	Dellin Betances\betande01	33.0	NYM	NL	1	0	0	0	0	0	0	0	0	0	0	0	0						0	0	0	0	0	0	/1
70	71.0	Mookie Betts\bettsmo01	28.0	LAD	NL	13	63	52	11	14	4	0	2	2	2	1	9	8	0.26899999999999996	0.397	0.462	0.858	141.0	24	0	2	0	0	0	*/98
71	72.0	Bo Bichette\bichebo01	23.0	TOR	AL	18	78	72	14	21	4	0	5	12	3	0	3	20	0.292	0.33299999999999996	0.556	0.889	147.0	40	3	2	0	1	0	*6/D
72	73.0	Jesse Biddle*\biddlje01	29.0	ATL	NL	1	0	0	0	0	0	0	0	0	0	0	0	0						0	0	0	0	0	0	/1
73	74.0	Shane Bieber\biebesh01	26.0	CLE	AL	1	3	3	0	0	0	0	0	0	0	0	0	1	0.0	0.0	0.0	0.0	-100.0	0	0	0	0	0	0	/1
74	75.0	Brandon Bielak*\bielabr01	25.0	HOU	AL	1	0	0	0	0	0	0	0	0	0	0	0	0						0	0	0	0	0	0	/1
75	76.0	Cavan Biggio*\biggica01	26.0	TOR	AL	15	58	48	6	7	0	1	2	3	0	0	8	18	0.146	0.281	0.313	0.593	69.0	15	2	1	0	0	0	*5/9H
76	77.0	Braden Bishop\bishobr01	27.0	SEA	AL	8	5	4	1	1	0	0	0	0	0	0	0	2	0.25	0.25	0.25	0.5	48.0	1	0	0	1	0	0	/7H
77	78.0	Charlie Blackmon*\blackch02	34.0	COL	NL	16	61	51	6	9	4	0	1	7	0	0	8	9	0.17600000000000002	0.311	0.314	0.625	65.0	16	0	2	0	0	1	*9
78	79.0	Alex Blandino\blandal01	28.0	CIN	NL	12	15	13	3	6	3	0	0	4	0	0	1	4	0.462	0.5329999999999999	0.6920000000000001	1.226	221.0	9	0	1	0	0	0	/H3574
79	80.0	Travis Blankenhorn*\blanktr01	24.0	MIN	AL	1	0	0	1	0	0	0	0	0	0	0	0	0						0	0	0	0	0	0	/4H
80	81.0	Richard Bleier*\bleieri01	34.0	MIA	NL	9	0	0	0	0	0	0	0	0	0	0	0	0						0	0	0	0	0	0	/1
81	82.0	Xander Bogaerts\bogaexa01	28.0	BOS	AL	18	75	70	8	26	7	0	2	8	1	0	5	14	0.371	0.413	0.557	0.97	170.0	39	1	0	0	0	1	*6
82	83.0	Alec Bohm\bohmal01	24.0	PHI	NL	18	73	64	7	14	2	0	2	10	2	0	6	20	0.21899999999999997	0.27399999999999997	0.344	0.618	71.0	22	2	0	0	3	0	*5
83	84.0	David Bote\boteda01	28.0	CHC	NL	17	51	42	3	8	2	0	2	10	0	1	5	11	0.19	0.3	0.381	0.6809999999999999	90.0	16	2	2	1	1	0	*4/H5
84	85.0	Ben Bowden*\bowdebe01	26.0	COL	NL	5	0	0	0	0	0	0	0	0	0	0	0	0						0	0	0	0	0	0	/1
85	86.0	Brad Boxberger\boxbebr01	33.0	MIL	NL	7	0	0	0	0	0	0	0	0	0	0	0	0						0	0	0	0	0	0	/1
86	87.0	Archie Bradley\bradlar01	28.0	PHI	NL	4	0	0	0	0	0	0	0	0	0	0	0	0						0	0	0	0	0	0	/1
87	88.0	Jackie Bradley Jr.*\bradlja02	31.0	MIL	NL	17	69	66	8	14	2	2	1	2	1	0	0	24	0.212	0.24600000000000002	0.348	0.595	61.0	23	0	3	0	0	0	*8/79H
88	89.0	Michael Brantley*\brantmi02	34.0	HOU	AL	15	61	58	9	18	6	1	2	4	0	0	2	9	0.31	0.344	0.552	0.8959999999999999	150.0	32	0	1	0	0	0	*7/D
89	90.0	Alex Bregman\bregmal01	27.0	HOU	AL	12	51	46	5	15	1	0	2	9	0	0	4	9	0.326	0.392	0.478	0.87	146.0	22	3	1	0	0	1	*5
90	91.0	Lewis Brinson\brinsle01	27.0	MIA	NL	7	19	18	1	2	0	0	0	0	0	0	1	3	0.111	0.158	0.111	0.26899999999999996	-23.0	2	1	0	0	0	0	/8H7
91	92.0	Connor Brogdon\brogdco01	26.0	PHI	NL	7	0	0	0	0	0	0	0	0	0	0	0	0						0	0	0	0	0	0	/1
92	93.0	Mike Brosseau\brossmi01	27.0	TBR	AL	11	38	35	6	8	3	0	1	4	0	0	3	9	0.22899999999999998	0.289	0.4	0.6890000000000001	102.0	14	1	0	0	0	0	/4357H9
93	94.0	Rex Brothers*\brothre01	33.0	CHC	NL	8	0	0	0	0	0	0	0	0	0	0	0	0						0	0	0	0	0	0	/1
94	95.0	Seth Brown*\brownse01	28.0	OAK	AL	10	34	30	4	9	1	0	3	5	0	0	4	8	0.3	0.382	0.633	1.016	194.0	19	0	0	0	0	0	/93D7
95	96.0	JT Brubaker\brubajt01	27.0	PIT	NL	3	6	6	0	2	0	0	0	3	0	0	0	2	0.33299999999999996	0.33299999999999996	0.33299999999999996	0.667	87.0	2	0	0	0	0	0	/1
96	97.0	Jay Bruce*\bruceja01	34.0	NYY	AL	10	39	34	3	4	1	0	1	3	0	0	5	13	0.11800000000000001	0.231	0.235	0.466	36.0	8	2	0	0	0	0	3
97	98.0	Kris Bryant\bryankr01	29.0	CHC	NL	17	71	60	14	17	5	0	5	12	0	1	9	15	0.28300000000000003	0.38	0.617	0.997	174.0	37	2	1	0	1	0	*5/937
98	99.0	Walker Buehler\buehlwa01	26.0	LAD	NL	4	9	8	0	1	0	0	0	0	0	0	0	4	0.125	0.125	0.125	0.25	-29.0	1	0	0	1	0	0	/1
99	100.0	J.B. Bukauskas\bukaujb01	24.0	ARI	NL	2	0	0	0	0	0	0	0	0	0	0	0	0						0	0	0	0	0	0	/1
100	101.0	Madison Bumgarner\bumgama01	31.0	ARI	NL	5	8	7	1	1	1	0	0	0	0	0	1	5	0.14300000000000002	0.25	0.28600000000000003	0.536	47.0	2	0	0	0	0	0	/1H
101	102.0	Corbin Burnes\burneco01	26.0	MIL	NL	4	10	10	1	2	0	0	0	2	0	0	0	5	0.2	0.2	0.2	0.4	10.0	2	0	0	0	0	0	/1
102	103.0	Byron Buxton\buxtoby01	27.0	MIN	AL	12	48	44	10	19	6	0	6	11	1	0	2	10	0.43200000000000005	0.479	0.977	1.456	311.0	43	0	2	0	0	0	*8
103	104.0	Asdrubal Cabrera#\cabreas01	35.0	ARI	NL	17	70	58	10	12	3	0	2	10	0	0	11	10	0.207	0.32899999999999996	0.36200000000000004	0.691	91.0	21	0	0	0	1	1	*5/3H
104	105.0	Genesis Cabrera*\cabrege01	24.0	STL	NL	8	0	0	0	0	0	0	0	0	0	0	0	0						0	0	0	0	0	0	/1
105	106.0	Miguel Cabrera\cabremi01	38.0	DET	AL	7	27	24	2	3	1	0	1	3	0	0	3	4	0.125	0.222	0.292	0.514	45.0	7	2	0	0	0	0	/3D
106	107.0	Trevor Cahill\cahiltr01	33.0	PIT	NL	3	3	3	0	0	0	0	0	0	0	0	0	1	0.0	0.0	0.0	0.0	-100.0	0	0	0	0	0	0	/1
107	108.0	Lorenzo Cain\cainlo01	35.0	MIL	NL	7	28	26	5	4	1	0	2	4	1	0	2	5	0.154	0.214	0.423	0.637	70.0	11	0	0	0	0	0	/8
108	109.0	Kole Calhoun*\calhoko01	33.0	ARI	NL	10	40	38	4	11	3	0	1	4	0	0	2	11	0.289	0.325	0.447	0.772	110.0	17	1	0	0	0	0	/9H
109	110.0	Willie Calhoun*\calhowi01	26.0	TEX	AL	4	14	13	1	4	0	0	0	1	0	0	1	3	0.308	0.35700000000000004	0.308	0.665	91.0	4	0	0	0	0	0	/D7H
110	111.0	Johan Camargo#\camarjo01	27.0	ATL	NL	7	9	8	0	0	0	0	0	0	0	0	1	5	0.0	0.111	0.0	0.111	-67.0	0	0	0	0	0	0	/H4D
111	112.0	Paul Campbell*\campbpa02	25.0	MIA	NL	3	1	1	0	0	0	0	0	0	0	0	0	1	0.0	0.0	0.0	0.0	-100.0	0	0	0	0	0	0	/1
112	113.0	Luis Campusano\campulu01	22.0	SDP	NL	9	36	33	0	3	0	0	0	1	0	0	3	11	0.091	0.16699999999999998	0.091	0.258	-23.0	3	2	0	0	0	0	/2
113	114.0	Jeimer Candelario#\candeje01	27.0	DET	AL	19	79	71	9	18	4	0	1	7	0	0	8	18	0.254	0.32899999999999996	0.35200000000000004	0.6809999999999999	95.0	25	2	0	0	0	0	*5/D
114	115.0	Mark Canha\canhama01	32.0	OAK	AL	19	87	69	20	18	2	1	3	5	4	1	14	20	0.261	0.414	0.449	0.863	156.0	31	0	4	0	0	0	*7/89D
115	116.0	Victor Caratini#\caratvi01	27.0	SDP	NL	16	47	41	2	9	2	0	1	9	0	0	5	15	0.22	0.298	0.341	0.639	83.0	14	1	0	0	1	0	*2/H
116	117.0	Dylan Carlson#\carlsdy01	22.0	STL	NL	18	69	57	12	14	3	2	3	11	0	0	9	17	0.24600000000000002	0.36200000000000004	0.526	0.889	148.0	30	1	2	0	1	1	*8/9H
117	118.0	Matt Carpenter*\carpema01	35.0	STL	NL	18	44	37	4	3	0	0	1	4	0	0	4	16	0.081	0.205	0.162	0.36700000000000005	6.0	6	0	2	0	1	1	/4H3
118	119.0	Curt Casali\casalcu01	32.0	SFG	NL	10	27	24	0	3	1	0	0	3	0	0	3	8	0.125	0.222	0.16699999999999998	0.389	13.0	4	1	0	0	0	0	/23H
119	120.0	Daniel Castano*\castada01	26.0	MIA	NL	2	2	2	0	0	0	0	0	0	0	0	0	1	0.0	0.0	0.0	0.0	-100.0	0	0	0	0	0	0	/1
120	121.0	Nicholas Castellanos\casteni01	29.0	CIN	NL	16	70	67	13	20	3	1	6	13	0	0	2	11	0.299	0.32899999999999996	0.642	0.97	148.0	43	0	1	0	0	0	*9
121	122.0	Diego Castillo\castidi01	27.0	TBR	AL	2	0	0	0	0	0	0	0	0	0	0	0	0						0	0	0	0	0	0	/1
122	123.0	Luis Castillo\castilu02	28.0	CIN	NL	4	7	5	1	1	1	0	0	0	0	0	1	2	0.2	0.33299999999999996	0.4	0.733	93.0	2	0	0	1	0	0	/1
123	124.0	Harold Castro*\castrha01	27.0	DET	AL	11	19	17	1	5	0	0	0	3	0	0	2	6	0.294	0.368	0.294	0.6629999999999999	93.0	5	0	0	0	0	0	/3H4D1
124	125.0	Jason Castro*\castrja01	34.0	HOU	AL	7	26	21	3	3	0	0	2	4	0	0	4	7	0.14300000000000002	0.308	0.429	0.736	107.0	9	1	1	0	0	0	/2
125	126.0	Miguel Castro\castrmi01	26.0	NYM	NL	6	0	0	0	0	0	0	0	0	0	0	0	0						0	0	0	0	0	0	/1
126	127.0	Rodolfo Castro#\castrro01	22.0	PIT	NL	1	3	3	0	0	0	0	0	0	0	0	0	1	0.0	0.0	0.0	0.0	-100.0	0	0	0	0	0	0	/5
127	128.0	Starlin Castro\castrst01	31.0	WSN	NL	16	63	60	2	16	4	0	1	11	0	0	1	12	0.267	0.27	0.38299999999999995	0.653	80.0	23	1	0	0	2	0	*5
128	129.0	Willi Castro#\castrwi01	24.0	DET	AL	18	74	71	4	15	1	2	0	4	0	0	3	19	0.21100000000000002	0.243	0.282	0.525	50.0	20	1	0	0	0	0	*6/4
129	130.0	Jake Cave*\caveja01	28.0	MIN	AL	17	55	49	4	6	1	0	0	0	1	0	4	21	0.122	0.204	0.14300000000000002	0.34700000000000003	4.0	7	0	1	1	0	0	*7/89DH
130	131.0	Jhoulys Chacin\chacijh01	33.0	COL	NL	3	1	1	0	0	0	0	0	0	0	0	0	1	0.0	0.0	0.0	0.0	-100.0	0	0	0	0	0	0	/1
131	132.0	Andrew Chafin\chafian01	31.0	CHC	NL	9	0	0	0	0	0	0	0	0	0	0	0	0						0	0	0	0	0	0	/1
132	133.0	Yu Chang\changyu01	25.0	CLE	AL	13	30	28	5	6	2	0	0	2	0	0	2	7	0.214	0.267	0.28600000000000003	0.552	56.0	8	0	0	0	0	0	*3/H5
133	134.0	Matt Chapman\chapmma01	28.0	OAK	AL	19	78	67	7	12	1	2	3	11	0	0	8	26	0.179	0.26899999999999996	0.38799999999999996	0.657	92.0	26	2	1	0	2	0	*5
134	135.0	Michael Chavis\chavimi01	25.0	BOS	AL	1	0	0	1	0	0	0	0	0	0	0	0	0						0	0	0	0	0	0	/H
135	136.0	Jazz Chisholm*\chishja01	23.0	MIA	NL	16	61	50	8	16	3	1	3	6	4	0	9	18	0.32	0.426	0.6	1.026	182.0	30	0	1	0	1	0	*4/6
136	137.0	Adam Cimber\cimbead01	30.0	MIA	NL	8	0	0	0	0	0	0	0	0	0	0	0	0						0	0	0	0	0	0	/1
137	138.0	Steve Cishek\cishest01	35.0	LAA	AL	1	0	0	0	0	0	0	0	0	0	0	0	0						0	0	0	0	0	0	/1
138	139.0	Taylor Clarke\clarkta01	28.0	ARI	NL	8	2	2	0	0	0	0	0	0	0	0	0	2	0.0	0.0	0.0	0.0	-100.0	0	0	0	0	0	0	/1
139	140.0	Emmanuel Clase\claseem01	23.0	CLE	AL	2	0	0	0	0	0	0	0	0	0	0	0	0						0	0	0	0	0	0	/1
140	141.0	Sam Clay*\claysa01	28.0	WSN	NL	6	0	0	0	0	0	0	0	0	0	0	0	0						0	0	0	0	0	0	/1
141	142.0	Zack Collins*\colliza01	26.0	CHW	AL	9	34	31	2	4	1	0	1	5	0	0	3	11	0.129	0.20600000000000002	0.258	0.46399999999999997	33.0	8	0	0	0	0	0	/2D
142	143.0	Alex Colome\colomal01	32.0	MIN	AL	2	0	0	0	0	0	0	0	0	0	0	0	0						0	0	0	0	0	0	/1
143	144.0	Michael Conforto*\confomi01	28.0	NYM	NL	13	54	45	2	8	3	0	0	3	0	0	5	13	0.17800000000000002	0.315	0.244	0.5589999999999999	61.0	11	1	4	0	0	0	*9
144	145.0	Willson Contreras\contrwi01	29.0	CHC	NL	17	68	56	12	15	1	0	5	10	1	1	6	21	0.268	0.382	0.5539999999999999	0.9359999999999999	159.0	31	3	5	0	1	0	*2/H
145	146.0	Sam Coonrod\coonrsa01	28.0	PHI	NL	7	0	0	0	0	0	0	0	0	0	0	0	0						0	0	0	0	0	0	/1
146	147.0	Garrett Cooper\coopega03	30.0	MIA	NL	16	51	45	4	9	2	0	1	7	0	0	4	18	0.2	0.294	0.311	0.605	69.0	14	0	2	0	0	0	/9H3
147	148.0	Patrick Corbin*\corbipa01	31.0	WSN	NL	3	5	5	0	2	0	0	0	0	0	0	0	1	0.4	0.4	0.4	0.8	125.0	2	0	0	0	0	0	/1
148	149.0	Franchy Cordero*\cordefr02	26.0	BOS	AL	16	46	42	4	9	2	0	0	5	1	0	4	20	0.214	0.28300000000000003	0.262	0.545	55.0	11	0	0	0	0	0	*7/HD
149	150.0	Carlos Correa\correca01	26.0	HOU	AL	18	77	71	11	20	4	0	3	9	0	0	5	12	0.282	0.33799999999999997	0.465	0.802	125.0	33	3	1	0	0	0	*6
150	151.0	Brandon Crawford*\crawfbr01	34.0	SFG	NL	19	65	61	7	12	2	0	3	9	2	0	4	16	0.19699999999999998	0.24600000000000002	0.377	0.623	75.0	23	3	0	0	0	1	*6/H
151	152.0	J.P. Crawford*\crawfjp01	26.0	SEA	AL	19	66	59	10	14	1	0	0	3	1	1	6	11	0.237	0.308	0.254	0.562	68.0	15	3	0	1	0	0	*6
152	153.0	Stefan Crichton\crichst01	29.0	ARI	NL	10	0	0	0	0	0	0	0	0	0	0	0	0						0	0	0	0	0	0	1
153	154.0	Kyle Crick*\crickky01	28.0	PIT	NL	6	0	0	0	0	0	0	0	0	0	0	0	0						0	0	0	0	0	0	/1
154	155.0	Nabil Crismatt\crismna01	26.0	SDP	NL	4	2	2	0	0	0	0	0	0	0	0	0	1	0.0	0.0	0.0	0.0	-100.0	0	0	0	0	0	0	/1
155	156.0	C.J. Cron\croncj01	31.0	COL	NL	16	60	52	8	10	4	0	1	8	0	0	7	16	0.192	0.3	0.327	0.627	65.0	17	0	1	0	0	0	*3
156	157.0	Jake Cronenworth*\croneja01	27.0	SDP	NL	21	92	81	10	22	5	1	1	4	1	1	8	12	0.272	0.341	0.395	0.736	111.0	32	4	1	0	1	1	*4/631H
157	158.0	Wil Crowe\crowewi01	26.0	PIT	NL	1	0	0	0	0	0	0	0	0	0	0	0	0						0	0	0	0	0	0	/1
158	159.0	Nelson Cruz\cruzne02	40.0	MIN	AL	16	58	51	11	18	2	0	6	14	0	0	3	11	0.353	0.397	0.745	1.1420000000000001	224.0	38	2	2	0	2	0	*D/H
159	160.0	Johnny Cueto\cuetojo01	35.0	SFG	NL	2	5	4	0	0	0	0	0	0	0	0	0	2	0.0	0.0	0.0	0.0	-100.0	0	0	0	1	0	0	/1
160	161.0	Charlie Culberson\culbech01	32.0	TEX	AL	12	38	35	2	9	2	0	2	5	1	0	1	11	0.257	0.278	0.486	0.763	111.0	17	0	0	2	0	0	5/H46
161	162.0	John Curtiss\curtijo02	28.0	MIA	NL	8	1	1	0	0	0	0	0	0	0	0	0	0	0.0	0.0	0.0	0.0	-100.0	0	0	0	0	0	0	/1
162	163.0	Travis d'Arnaud\darnatr01	32.0	ATL	NL	17	65	61	4	12	3	0	2	9	0	0	3	18	0.19699999999999998	0.231	0.344	0.575	50.0	21	3	0	0	1	0	*2/H
163	164.0	David Dahl*\dahlda01	27.0	TEX	AL	16	68	64	8	13	3	0	1	5	0	0	2	20	0.203	0.22399999999999998	0.297	0.521	46.0	19	1	0	1	1	0	/7DH
164	165.0	Bobby Dalbec\dalbebo01	26.0	BOS	AL	15	53	49	1	13	4	1	0	4	0	0	4	18	0.265	0.321	0.38799999999999996	0.7090000000000001	98.0	19	0	0	0	0	0	*3/H
165	166.0	Yu Darvish\darviyu01	34.0	SDP	NL	4	9	9	0	0	0	0	0	0	0	0	0	5	0.0	0.0	0.0	0.0	-100.0	0	0	0	0	0	0	/1
166	167.0	Zach Davies\davieza02	28.0	CHC	NL	4	5	4	0	0	0	0	0	0	0	0	0	3	0.0	0.0	0.0	0.0	-100.0	0	0	0	1	0	0	/1
167	168.0	J.D. Davis\davisjd01	28.0	NYM	NL	7	21	18	2	8	2	0	1	4	0	0	2	7	0.444	0.524	0.722	1.246	249.0	13	1	1	0	0	0	/5H
168	169.0	Jonathan Davis\davisjo05	29.0	TOR	AL	12	23	20	4	2	0	0	1	1	1	1	3	7	0.1	0.217	0.25	0.467	33.0	5	0	0	0	0	0	/8HD
169	170.0	Ronnie Dawson*\dawsoro01	26.0	HOU	AL	3	6	5	2	1	0	0	0	0	0	0	1	0	0.2	0.33299999999999996	0.2	0.5329999999999999	57.0	1	1	0	0	0	0	/DH
170	171.0	Grant Dayton*\daytogr01	33.0	ATL	NL	4	0	0	0	0	0	0	0	0	0	0	0	0						0	0	0	0	0	0	/1
171	172.0	Yonathan Daza\dazayo01	27.0	COL	NL	14	29	28	3	10	2	0	1	3	0	0	0	6	0.35700000000000004	0.345	0.536	0.8809999999999999	127.0	15	0	0	0	1	0	/H879
172	173.0	Alex De Goti\degotal01	26.0	HOU	AL	2	7	6	2	2	0	0	0	1	0	0	1	2	0.33299999999999996	0.429	0.33299999999999996	0.762	121.0	2	0	0	0	0	0	/4
173	174.0	Jose De Leon\deleojo03	28.0	CIN	NL	5	3	3	0	1	0	0	0	1	0	0	0	1	0.33299999999999996	0.33299999999999996	0.33299999999999996	0.667	77.0	1	0	0	0	0	0	/1
174	175.0	Austin Dean\deanau01	27.0	STL	NL	13	29	22	4	5	2	0	1	7	0	0	5	9	0.22699999999999998	0.345	0.455	0.799	124.0	10	0	0	0	2	0	/7H9
175	176.0	Jacob deGrom*\degroja01	33.0	NYM	NL	3	7	7	1	4	0	0	0	1	0	0	0	1	0.5710000000000001	0.5710000000000001	0.5710000000000001	1.143	225.0	4	0	0	0	0	0	/1
176	177.0	Paul DeJong\dejonpa01	27.0	STL	NL	17	71	60	13	12	0	0	5	10	0	0	10	23	0.2	0.324	0.45	0.774	116.0	27	2	1	0	0	0	*6
177	178.0	Anthony DeSclafani\desclan01	31.0	SFG	NL	5	8	6	0	0	0	0	0	0	0	0	0	3	0.0	0.0	0.0	0.0	-100.0	0	0	0	2	0	0	/1H
178	179.0	Ross Detwiler\detwiro01	35.0	MIA	NL	8	0	0	0	0	0	0	0	0	0	0	0	0						0	0	0	0	0	0	/1
179	180.0	Chris Devenski\devench02	30.0	ARI	NL	2	0	0	0	0	0	0	0	0	0	0	0	0						0	0	0	0	0	0	/1
180	181.0	Rafael Devers*\deverra01	24.0	BOS	AL	18	78	68	12	19	2	0	6	17	1	1	8	17	0.27899999999999997	0.359	0.574	0.9329999999999999	157.0	39	1	1	0	1	1	*5
181	182.0	Aledmys Díaz\diazal02	30.0	HOU	AL	12	47	43	5	12	4	0	1	6	0	0	2	11	0.27899999999999997	0.34	0.442	0.782	121.0	19	2	2	0	0	0	/457
182	183.0	Edwin Diaz\diazed04	27.0	NYM	NL	7	0	0	0	0	0	0	0	0	0	0	0	0						0	0	0	0	0	0	/1
183	184.0	Elias Diaz\diazel01	30.0	COL	NL	10	31	28	2	2	0	0	0	0	0	0	3	12	0.071	0.161	0.071	0.233	-36.0	2	1	0	0	0	0	/2H
184	185.0	Yandy Díaz\diazya01	29.0	TBR	AL	17	70	56	6	14	2	0	0	6	0	0	13	9	0.25	0.4	0.28600000000000003	0.6859999999999999	108.0	16	0	1	0	0	0	*3/5DH
185	186.0	Alex Dickerson*\dickeal01	31.0	SFG	NL	19	52	47	5	11	0	0	3	9	0	0	3	11	0.23399999999999999	0.308	0.426	0.733	107.0	20	2	2	0	0	0	*7/H
186	187.0	Corey Dickerson*\dickeco01	32.0	MIA	NL	18	65	61	8	17	4	0	0	3	1	1	2	13	0.27899999999999997	0.32299999999999995	0.344	0.667	86.0	21	1	2	0	0	0	*7/H
187	188.0	Jake Diekman*\diekmja01	34.0	OAK	AL	1	1	1	0	0	0	0	0	0	0	0	0	1	0.0	0.0	0.0	0.0	-100.0	0	0	0	0	0	0	/1
188	189.0	Wilmer Difo#\difowi01	29.0	PIT	NL	14	23	23	3	6	2	1	1	2	0	0	0	11	0.261	0.261	0.565	0.826	122.0	13	0	0	0	0	0	H/58
189	190.0	Randy Dobnak\dobnara01	26.0	MIN	AL	1	0	0	0	0	0	0	0	0	0	0	0	0						0	0	0	0	0	0	/1
190	191.0	Josh Donaldson\donaljo02	35.0	MIN	AL	6	20	18	4	10	1	0	1	3	0	0	2	2	0.556	0.6	0.778	1.3780000000000001	299.0	14	1	0	0	0	0	/5
191	192.0	Sean Doolittle*\doolise01	34.0	CIN	NL	9	0	0	0	0	0	0	0	0	0	0	0	0						0	0	0	0	0	0	/1
192	193.0	Camilo Doval\dovalca01	23.0	SFG	NL	3	0	0	0	0	0	0	0	0	0	0	0	0						0	0	0	0	0	0	/1
193	194.0	Hunter Dozier\doziehu01	29.0	KCR	AL	13	47	43	4	6	1	0	1	5	1	1	4	13	0.14	0.213	0.233	0.445	25.0	10	1	0	0	0	0	/59
194	195.0	Mauricio Dubon\dubonma01	26.0	SFG	NL	16	33	31	0	4	0	0	0	2	0	0	2	8	0.129	0.182	0.129	0.311	-9.0	4	0	0	0	0	1	*8/H64
195	196.0	Tyler Duffey\duffety01	30.0	MIN	AL	2	0	0	0	0	0	0	0	0	0	0	0	0						0	0	0	0	0	0	/1
196	197.0	Matt Duffy\duffyma01	30.0	CHC	NL	13	22	18	2	4	1	0	0	3	0	0	2	1	0.222	0.364	0.278	0.6409999999999999	84.0	5	5	2	0	0	0	/H54
197	198.0	Steven Duggar*\duggast01	27.0	SFG	NL	2	3	3	0	0	0	0	0	0	0	0	0	1	0.0	0.0	0.0	0.0	-100.0	0	0	0	0	0	0	/8H
198	199.0	Adam Duvall\duvalad01	32.0	MIA	NL	17	64	61	8	13	3	1	4	14	0	0	3	21	0.213	0.25	0.49200000000000005	0.742	100.0	30	2	0	0	0	0	*9/7H
199	200.0	Jarrod Dyson*\dysonja01	36.0	KCR	AL	9	9	8	2	3	0	1	0	0	2	0	1	1	0.375	0.444	0.625	1.069	196.0	5	0	0	0	0	0	/9HD8
200	201.0	Adam Eaton*\eatonad02	32.0	CHW	AL	16	71	61	13	16	3	0	3	14	1	0	7	14	0.262	0.366	0.45899999999999996	0.825	136.0	28	1	3	0	0	0	*9/H
201	202.0	Tommy Edman#\edmanto01	26.0	STL	NL	18	82	75	8	21	2	1	2	4	3	1	6	7	0.28	0.341	0.413	0.755	113.0	31	0	1	0	0	0	*49
202	203.0	Zach Eflin\eflinza01	27.0	PHI	NL	4	9	7	1	0	0	0	0	1	0	0	0	3	0.0	0.125	0.0	0.125	-61.0	0	0	1	1	0	0	/1
203	204.0	Eduardo Escobar#\escobed01	32.0	ARI	NL	18	81	71	14	17	4	0	6	12	1	0	9	15	0.239	0.321	0.5489999999999999	0.87	134.0	39	0	0	0	1	0	*4/56
204	205.0	Santiago Espinal\espinsa01	26.0	TOR	AL	5	10	10	2	3	1	0	0	1	0	0	0	2	0.3	0.3	0.4	0.7	97.0	4	0	0	0	0	0	/5HD
205	206.0	Paolo Espino\espinpa01	34.0	WSN	NL	1	1	1	0	0	0	0	0	0	0	0	0	1	0.0	0.0	0.0	0.0	-100.0	0	0	0	0	0	0	/1
206	207.0	Carlos Estevez\estevca01	28.0	COL	NL	6	0	0	0	0	0	0	0	0	0	0	0	0						0	0	0	0	0	0	/1
207	208.0	Phillip Evans\evansph01	28.0	PIT	NL	17	70	62	11	17	2	0	4	6	1	0	5	13	0.27399999999999997	0.35700000000000004	0.5	0.857	135.0	31	2	3	0	0	0	/5793D1H
208	209.0	Pete Fairbanks\fairbpe01	27.0	TBR	AL	2	0	0	0	0	0	0	0	0	0	0	0	0						0	0	0	0	0	0	/1
209	210.0	Jeurys Familia\familje01	31.0	NYM	NL	5	0	0	0	0	0	0	0	0	0	0	0	0						0	0	0	0	0	0	/1
210	211.0	Kyle Farmer\farmeky01	30.0	CIN	NL	16	37	32	3	5	1	0	1	5	0	1	4	6	0.156	0.27	0.281	0.552	46.0	9	0	1	0	0	0	/5H4637
211	212.0	Erick Fedde\feddeer01	28.0	WSN	NL	3	5	3	0	0	0	0	0	0	0	0	1	2	0.0	0.25	0.0	0.25	-22.0	0	0	0	1	0	0	/1
212	213.0	Michael Feliz\felizmi01	28.0	PIT	NL	6	0	0	0	0	0	0	0	0	0	0	0	0						0	0	0	0	0	0	/1
213	214.0	J.P. Feyereisen\feyerjo01	28.0	MIL	NL	10	0	0	0	0	0	0	0	0	0	0	0	0						0	0	0	0	0	0	1
214	215.0	Kyle Finnegan\finneky01	29.0	WSN	NL	7	0	0	0	0	0	0	0	0	0	0	0	0						0	0	0	0	0	0	/1
215	216.0	Jack Flaherty\flaheja01	25.0	STL	NL	4	10	6	1	1	0	0	0	1	0	0	2	2	0.16699999999999998	0.375	0.16699999999999998	0.542	61.0	1	0	0	2	0	0	/1
216	217.0	David Fletcher\fletcda02	27.0	LAA	AL	17	80	76	9	19	1	0	0	7	0	0	2	10	0.25	0.266	0.263	0.529	50.0	20	0	0	1	1	0	*4
217	218.0	Wilmer Flores\florewi01	29.0	SFG	NL	19	44	38	4	7	3	0	1	5	0	0	4	5	0.184	0.273	0.342	0.615	74.0	13	1	1	0	1	0	/3H45D
218	219.0	Dylan Floro*\florody01	30.0	MIA	NL	10	0	0	0	0	0	0	0	0	0	0	0	0						0	0	0	0	0	0	1
219	220.0	Mike Ford*\fordmi01	28.0	NYY	AL	3	13	11	1	1	0	0	0	1	0	0	2	2	0.091	0.231	0.091	0.322	-1.0	1	0	0	0	0	0	/3
220	221.0	Dexter Fowler#\fowlede01	35.0	LAA	AL	7	21	20	3	5	0	0	0	1	1	0	1	6	0.25	0.28600000000000003	0.25	0.536	53.0	5	0	0	0	0	0	/9
221	222.0	Dustin Fowler*\fowledu01	26.0	PIT	NL	18	46	41	3	7	1	0	0	2	1	0	3	20	0.171	0.239	0.195	0.434	23.0	8	0	1	0	1	0	*8/H9
222	223.0	Jake Fraley*\fraleja01	26.0	SEA	AL	5	19	10	2	1	1	0	0	1	1	0	8	3	0.1	0.526	0.2	0.726	126.0	2	0	1	0	0	0	/79
223	224.0	Ty France\francty01	26.0	SEA	AL	19	79	66	13	20	5	0	3	12	0	0	8	19	0.303	0.405	0.515	0.92	168.0	34	2	4	0	1	0	/4D35H
224	225.0	Maikel Franco\francma02	28.0	BAL	AL	18	75	68	6	16	5	0	2	15	0	0	7	14	0.235	0.307	0.397	0.7040000000000001	99.0	27	0	0	0	0	0	*5/D
225	226.0	Adam Frazier*\fraziad01	29.0	PIT	NL	18	82	70	11	23	6	2	0	9	2	1	9	6	0.32899999999999996	0.415	0.47100000000000003	0.8859999999999999	146.0	33	2	2	0	1	0	*4
226	227.0	Clint Frazier\frazicl01	26.0	NYY	AL	14	49	43	3	7	2	0	0	1	0	0	6	17	0.163	0.265	0.209	0.475	41.0	9	0	0	0	0	0	*7/9H
227	228.0	Todd Frazier\frazito01	35.0	PIT	NL	1	4	4	0	0	0	0	0	0	0	0	0	0	0.0	0.0	0.0	0.0	-100.0	0	0	0	0	0	0	/D
228	229.0	Freddie Freeman*\freemfr01	31.0	ATL	NL	18	80	63	10	14	2	0	5	10	1	0	16	8	0.222	0.38799999999999996	0.49200000000000005	0.88	132.0	31	0	1	0	0	3	*3
229	230.0	Max Fried*\friedma01	27.0	ATL	NL	3	5	5	2	2	1	0	0	1	0	0	0	2	0.4	0.4	0.6	1.0	162.0	3	0	0	0	0	0	/1
230	231.0	Paul Fry*\frypa01	28.0	BAL	AL	1	0	0	0	0	0	0	0	0	0	0	0	0						0	0	0	0	0	0	/1
231	232.0	Josh Fuentes\fuentjo01	28.0	COL	NL	17	56	56	6	10	1	0	2	9	0	0	0	16	0.179	0.179	0.304	0.48200000000000004	24.0	17	1	0	0	0	0	*5/3H
232	233.0	Carson Fulmer\fulmeca01	27.0	CIN	NL	10	1	1	0	0	0	0	0	0	0	0	0	0	0.0	0.0	0.0	0.0	-100.0	0	0	0	0	0	0	1
233	234.0	Cam Gallagher\gallaca01	28.0	KCR	AL	4	9	8	0	1	1	0	0	1	0	0	0	3	0.125	0.111	0.25	0.361	-3.0	2	0	0	0	1	0	/2H
234	235.0	Giovanny Gallegos\gallegi01	29.0	STL	NL	8	0	0	0	0	0	0	0	0	0	0	0	0						0	0	0	0	0	0	/1
235	236.0	Zac Gallen\galleza01	25.0	ARI	NL	2	5	5	0	1	0	0	0	0	0	0	0	3	0.2	0.2	0.2	0.4	11.0	1	0	0	0	0	0	/1
236	237.0	Joey Gallo*\gallojo01	27.0	TEX	AL	18	77	54	9	12	0	0	1	7	2	0	20	23	0.222	0.455	0.278	0.732	115.0	15	1	3	0	0	1	*9/D
237	238.0	Freddy Galvis#\galvifr01	31.0	BAL	AL	18	66	59	10	16	4	1	2	5	1	0	6	17	0.271	0.33799999999999997	0.475	0.813	129.0	28	0	0	1	0	0	*6
238	239.0	Ben Gamel*\gamelbe01	29.0	CLE	AL	11	17	14	1	1	1	0	0	0	0	0	3	6	0.071	0.235	0.14300000000000002	0.37799999999999995	10.0	2	1	0	0	0	0	/8H7
239	240.0	John Gant\gantjo01	28.0	STL	NL	3	4	2	0	0	0	0	0	0	0	0	0	1	0.0	0.0	0.0	0.0	-100.0	0	0	0	2	0	0	/1
240	241.0	Adolis García\garciad02	28.0	TEX	AL	9	38	36	5	9	1	1	3	8	0	2	2	12	0.25	0.289	0.583	0.873	139.0	21	0	0	0	0	0	/879D
241	242.0	Aramis Garcia\garciar01	28.0	OAK	AL	10	30	27	3	4	0	0	1	2	0	0	1	9	0.14800000000000002	0.207	0.259	0.466	37.0	7	1	1	1	0	0	/2DH
242	243.0	Avisail Garcia\garciav01	30.0	MIL	NL	16	71	63	11	14	2	0	3	10	1	2	6	19	0.222	0.29600000000000004	0.397	0.693	88.0	25	0	1	0	1	1	*9
243	244.0	Jarlin Garcia*\garcija04	28.0	SFG	NL	4	0	0	0	0	0	0	0	0	0	0	0	0						0	0	0	0	0	0	/1
244	245.0	Leury Garcia#\garcile02	30.0	CHW	AL	13	45	43	7	7	2	0	0	2	1	0	1	13	0.163	0.182	0.209	0.391	13.0	9	1	0	1	0	0	/7649
245	246.0	Luis Garcia*\garcilu04	21.0	WSN	NL	6	8	7	1	1	0	0	0	0	0	0	1	3	0.14300000000000002	0.25	0.14300000000000002	0.39299999999999996	14.0	1	0	0	0	0	0	/4H
246	247.0	Luis Garcia\garcilu05	24.0	HOU	AL	1	2	2	0	0	0	0	0	0	0	0	0	0	0.0	0.0	0.0	0.0	-100.0	0	0	0	0	0	0	/1
247	248.0	Robel Garcia#\garciro02	28.0	HOU	AL	5	4	3	1	1	0	0	0	0	0	0	1	0	0.33299999999999996	0.5	0.33299999999999996	0.833	144.0	1	0	0	0	0	0	/5H
248	249.0	Yimi Garcia\garciyi01	30.0	MIA	NL	10	0	0	0	0	0	0	0	0	0	0	0	0						0	0	0	0	0	0	1
249	250.0	Brett Gardner*\gardnbr01	37.0	NYY	AL	12	40	33	4	7	2	0	0	1	0	0	6	10	0.212	0.33299999999999996	0.273	0.606	79.0	9	0	0	1	0	0	*7/8H
250	251.0	Kyle Garlick\garliky01	29.0	MIN	AL	12	28	25	6	7	3	0	0	3	0	0	1	8	0.28	0.321	0.4	0.721	109.0	10	2	1	0	1	0	/7H9D
251	252.0	Amir Garrett\garream01	29.0	CIN	NL	6	0	0	0	0	0	0	0	0	0	0	0	0						0	0	0	0	0	0	/1
252	253.0	Mitch Garver\garvemi01	30.0	MIN	AL	14	46	43	4	8	3	0	2	6	0	0	3	19	0.18600000000000003	0.239	0.395	0.634	81.0	17	1	0	0	0	0	2/H3D
253	254.0	Kevin Gausman*\gausmke01	30.0	SFG	NL	3	7	7	0	0	0	0	0	0	0	0	0	6	0.0	0.0	0.0	0.0	-100.0	0	0	0	0	0	0	/1
254	255.0	Andres Gimenez*\gimenan01	22.0	CLE	AL	13	41	37	6	9	3	0	2	4	3	0	2	11	0.243	0.3	0.486	0.7859999999999999	116.0	18	1	1	1	0	0	*6
255	256.0	Kevin Ginkel*\ginkeke01	27.0	ARI	NL	10	0	0	0	0	0	0	0	0	0	0	0	0						0	0	0	0	0	0	1
256	257.0	Mychal Givens\givenmy01	31.0	COL	NL	8	0	0	0	0	0	0	0	0	0	0	0	0						0	0	0	0	0	0	/1
257	258.0	Tyler Glasnow*\glasnty01	27.0	TBR	AL	1	2	2	0	0	0	0	0	0	0	0	0	2	0.0	0.0	0.0	0.0	-100.0	0	0	0	0	0	0	/1
258	259.0	Paul Goldschmidt\goldspa01	33.0	STL	NL	17	76	72	12	17	2	0	2	7	0	0	4	18	0.23600000000000002	0.276	0.34700000000000003	0.624	75.0	25	3	0	0	0	0	*3
259	260.0	Austin Gomber*\gombeau01	27.0	COL	NL	4	8	6	0	1	0	0	0	0	0	0	0	3	0.16699999999999998	0.16699999999999998	0.16699999999999998	0.33299999999999996	-12.0	1	0	0	2	0	0	/1
260	261.0	Yan Gomes\gomesya01	33.0	WSN	NL	9	32	29	3	8	1	0	1	5	0	0	2	5	0.276	0.344	0.414	0.758	111.0	12	1	1	0	0	1	/2H
261	262.0	Chi Chi Gonzalez\gonzach01	29.0	COL	NL	4	4	3	1	1	0	0	0	0	0	0	0	2	0.33299999999999996	0.33299999999999996	0.33299999999999996	0.667	76.0	1	0	0	1	0	0	/1
262	263.0	Erik Gonzalez\gonzaer01	29.0	PIT	NL	18	56	55	3	16	5	0	1	12	0	0	1	10	0.29100000000000004	0.304	0.436	0.74	103.0	24	2	0	0	0	0	/56H
263	264.0	Marwin Gonzalez#\gonzama01	32.0	BOS	AL	17	67	54	10	12	3	0	1	4	2	0	8	13	0.222	0.358	0.33299999999999996	0.6920000000000001	96.0	18	1	4	0	1	0	/34756H
264	265.0	Victor Gonzalez*\gonzavi02	25.0	LAD	NL	6	0	0	0	0	0	0	0	0	0	0	0	0						0	0	0	0	0	0	/1
265	266.0	Niko Goodrum#\goodrni01	29.0	DET	AL	14	52	47	7	10	2	0	2	3	0	0	4	19	0.213	0.28800000000000003	0.38299999999999995	0.6709999999999999	90.0	18	2	1	0	0	0	/467
266	267.0	Yasmani Grandal#\grandya01	32.0	CHW	AL	12	49	40	6	6	2	0	2	9	0	0	9	8	0.15	0.306	0.35	0.6559999999999999	89.0	14	2	0	0	0	0	*2
267	268.0	Brusdar Graterol\gratebr01	22.0	LAD	NL	1	0	0	0	0	0	0	0	0	0	0	0	0						0	0	0	0	0	0	/1
268	269.0	Jon Gray\grayjo02	29.0	COL	NL	4	8	8	0	2	0	0	0	0	0	0	0	4	0.25	0.25	0.25	0.5	32.0	2	0	0	0	0	0	/1
269	270.0	Sonny Gray\grayso01	31.0	CIN	NL	1	2	2	0	0	0	0	0	0	0	0	0	1	0.0	0.0	0.0	0.0	-100.0	0	0	0	0	0	0	/1
270	271.0	Didi Gregorius*\gregodi01	31.0	PHI	NL	15	59	54	3	16	1	0	2	10	1	0	2	13	0.29600000000000004	0.322	0.426	0.748	107.0	23	1	1	0	2	1	*6/H
271	272.0	Grayson Greiner\greingr01	28.0	DET	AL	6	18	17	1	3	0	0	1	3	0	0	1	8	0.17600000000000002	0.222	0.353	0.575	61.0	6	0	0	0	0	0	/2
272	273.0	Randal Grichuk\grichra01	29.0	TOR	AL	18	68	62	7	19	4	0	2	12	0	1	5	16	0.306	0.353	0.46799999999999997	0.821	131.0	29	0	0	0	1	0	*8/9D
273	274.0	Trent Grisham*\grishtr01	24.0	SDP	NL	12	51	44	9	14	1	0	4	6	4	0	7	12	0.318	0.41200000000000003	0.614	1.025	190.0	27	1	0	0	0	0	8/H
274	275.0	Robbie Grossman#\grossro01	31.0	DET	AL	18	75	59	5	12	2	0	1	5	2	0	13	19	0.203	0.36	0.28800000000000003	0.648	89.0	17	0	2	0	1	1	*7/9D
275	276.0	Robert Gsellman\gsellro01	27.0	NYM	NL	3	0	0	0	0	0	0	0	0	0	0	0	0						0	0	0	0	0	0	/1
276	277.0	Deolis Guerra\guerrde01	32.0	OAK	AL	1	0	0	0	0	0	0	0	0	0	0	0	0						0	0	0	0	0	0	/1
277	278.0	Vladimir Guerrero Jr.\guerrvl02	22.0	TOR	AL	18	76	60	11	23	4	0	4	12	1	0	14	11	0.38299999999999995	0.513	0.65	1.163	228.0	39	1	2	0	0	0	*3/D5
278	279.0	Luis Guillorme*\guilllu01	26.0	NYM	NL	11	22	17	2	6	0	0	0	0	0	0	5	1	0.353	0.5	0.353	0.853	147.0	6	0	0	0	0	0	/5H1
279	280.0	Lourdes Gurriel Jr.\gurrilo01	27.0	TOR	AL	15	57	52	4	10	1	0	0	5	1	0	2	12	0.192	0.228	0.212	0.44	26.0	11	2	1	0	2	0	*7/3
280	281.0	Yuli Gurriel\gourryu01	37.0	HOU	AL	18	78	63	6	20	4	0	2	9	0	0	15	8	0.317	0.449	0.47600000000000003	0.925	164.0	30	1	0	0	0	0	*3
281	282.0	Ronald Guzman*\guzmaro01	26.0	TEX	AL	7	17	16	1	1	0	0	1	1	0	0	1	6	0.063	0.11800000000000001	0.25	0.368	0.0	4	0	0	0	0	0	/37HD
282	283.0	Josh Hader*\haderjo01	27.0	MIL	NL	6	0	0	0	0	0	0	0	0	0	0	0	0						0	0	0	0	0	0	/1
283	284.0	Sam Haggerty#\haggesa01	27.0	SEA	AL	11	27	27	5	5	1	0	1	3	2	0	0	6	0.185	0.185	0.33299999999999996	0.519	48.0	9	0	0	0	0	0	/748H9
284	285.0	David Hale\haleda02	33.0	PHI	NL	4	0	0	0	0	0	0	0	0	0	0	0	0						0	0	0	0	0	0	/1
285	286.0	Billy Hamilton#\hamilbi02	30.0	CHW	AL	6	13	11	2	3	0	0	0	1	2	0	2	1	0.273	0.385	0.273	0.657	94.0	3	0	0	0	0	0	/79
286	287.0	Garrett Hampson\hampsga01	26.0	COL	NL	16	67	59	14	15	4	0	1	7	5	1	6	17	0.254	0.313	0.373	0.6859999999999999	80.0	22	0	0	0	2	0	8/4H
287	288.0	Brad Hand*\handbr01	31.0	WSN	NL	6	0	0	0	0	0	0	0	0	0	0	0	0						0	0	0	0	0	0	/1
288	289.0	Mitch Haniger\hanigmi01	30.0	SEA	AL	19	83	76	15	24	5	1	5	17	0	0	5	18	0.316	0.349	0.605	0.955	173.0	46	1	0	0	2	0	*9/D
289	290.0	Ian Happ#\happia01	26.0	CHC	NL	18	73	58	6	9	0	0	1	1	0	0	13	21	0.155	0.319	0.207	0.526	52.0	12	0	1	1	0	0	*8/7H
290	291.0	Bryce Harper*\harpebr03	28.0	PHI	NL	17	71	56	13	20	3	0	4	8	1	0	14	13	0.35700000000000004	0.493	0.625	1.1179999999999999	210.0	35	1	1	0	0	2	*9
291	292.0	Ryne Harper\harpery01	32.0	WSN	NL	2	0	0	0	0	0	0	0	0	0	0	0	0						0	0	0	0	0	0	/1
292	293.0	Josh Harrison\harrijo05	33.0	WSN	NL	9	36	31	4	12	2	0	1	5	0	1	4	1	0.387	0.47200000000000003	0.5479999999999999	1.021	184.0	17	0	1	0	0	0	/4
293	294.0	Matt Harvey\harvema01	32.0	BAL	AL	1	2	2	0	0	0	0	0	0	0	0	0	1	0.0	0.0	0.0	0.0	-100.0	0	0	0	0	0	0	/1
294	295.0	Adam Haseley*\haselad01	25.0	PHI	NL	9	21	21	2	4	1	0	0	0	0	0	0	4	0.19	0.19	0.23800000000000002	0.429	19.0	5	0	0	0	0	0	/87H
295	296.0	Ke'Bryan Hayes\hayeske01	24.0	PIT	NL	2	7	5	2	1	0	0	1	2	0	0	2	1	0.2	0.429	0.8	1.229	232.0	4	0	0	0	0	0	/5
296	297.0	Austin Hays\haysau01	25.0	BAL	AL	5	18	18	3	4	1	0	0	2	0	0	0	6	0.222	0.222	0.278	0.5	42.0	5	0	0	0	0	0	/798H
297	298.0	Nick Heath*\heathni01	27.0	ARI	NL	4	14	12	3	3	0	0	0	0	0	1	2	5	0.25	0.35700000000000004	0.25	0.607	72.0	3	0	0	0	0	0	/8H
298	299.0	Austin Hedges\hedgeau01	28.0	CLE	AL	5	17	15	1	1	0	0	1	1	0	0	1	7	0.067	0.125	0.267	0.392	6.0	4	0	0	1	0	1	/2H
299	300.0	Jonah Heim#\heimjo01	26.0	TEX	AL	6	23	20	4	3	2	0	1	2	1	0	2	4	0.15	0.217	0.4	0.617	70.0	8	2	0	0	1	0	/2
300	301.0	Ryan Helsley\helslry01	26.0	STL	NL	9	0	0	0	0	0	0	0	0	0	0	0	0						0	0	0	0	0	0	/1
301	302.0	Kyle Hendricks\hendrky01	31.0	CHC	NL	3	3	2	0	0	0	0	0	0	0	0	0	1	0.0	0.0	0.0	0.0	-100.0	0	0	0	1	0	0	/1
302	303.0	Guillermo Heredia\heredgu01	30.0	ATL	NL	6	23	17	5	5	1	0	2	6	0	0	5	5	0.294	0.478	0.706	1.1840000000000002	210.0	12	0	1	0	0	1	/87H
303	304.0	Cesar Hernandez#\hernace02	31.0	CLE	AL	17	75	65	6	13	2	0	1	3	0	0	10	14	0.2	0.307	0.27699999999999997	0.584	66.0	18	1	0	0	0	0	*4
304	305.0	Elieser Hernandez\hernael01	26.0	MIA	NL	1	1	1	0	0	0	0	0	0	0	0	0	1	0.0	0.0	0.0	0.0	-100.0	0	0	0	0	0	0	/1
305	306.0	Enrique Hernandez\hernaen02	29.0	BOS	AL	20	86	81	12	20	5	1	3	8	0	0	3	20	0.247	0.27899999999999997	0.444	0.7240000000000001	99.0	36	1	1	0	1	0	*8/4H6
306	307.0	Teoscar Hernandez\hernate01	28.0	TOR	AL	7	29	29	3	6	0	0	1	2	0	0	0	14	0.207	0.207	0.31	0.517	45.0	9	0	0	0	0	0	/97
307	308.0	Yadiel Hernández*\hernaya01	33.0	WSN	NL	7	10	9	0	1	1	0	0	0	0	0	0	2	0.111	0.2	0.222	0.42200000000000004	18.0	2	0	1	0	0	0	/H7
308	309.0	Jason Heyward*\heywaja01	31.0	CHC	NL	17	59	56	4	12	3	0	1	3	1	0	3	16	0.214	0.254	0.321	0.5760000000000001	60.0	18	0	0	0	0	0	*9/H
309	310.0	Aaron Hicks#\hicksaa01	31.0	NYY	AL	16	65	56	5	9	1	0	1	5	0	0	8	15	0.161	0.27699999999999997	0.23199999999999998	0.509	50.0	13	2	1	0	0	0	*8/H
310	311.0	Jordan Hicks\hicksjo03	24.0	STL	NL	6	0	0	0	0	0	0	0	0	0	0	0	0						0	0	0	0	0	0	/1
311	312.0	Kyle Higashioka\higasky01	31.0	NYY	AL	9	21	17	5	6	2	0	3	5	0	0	4	3	0.353	0.47600000000000003	1.0	1.476	314.0	17	0	0	0	0	0	/2
312	313.0	Trevor Hildenberger\hildetr01	30.0	NYM	NL	2	0	0	0	0	0	0	0	0	0	0	0	0						0	0	0	0	0	0	/1
313	314.0	Derek Hill\hillde01	25.0	DET	AL	1	0	0	0	0	0	0	0	0	0	0	0	0						0	0	0	0	0	0	/8
314	315.0	Rich Hill*\hillri01	41.0	TBR	AL	1	1	1	0	0	0	0	0	0	0	0	0	1	0.0	0.0	0.0	0.0	-100.0	0	0	0	0	0	0	/1
315	316.0	Tim Hill\hillti01	31.0	SDP	NL	9	0	0	0	0	0	0	0	0	0	0	0	0						0	0	0	0	0	0	1
316	317.0	Sam Hilliard*\hillisa01	27.0	COL	NL	14	33	31	4	3	0	1	2	4	0	0	2	15	0.09699999999999999	0.152	0.355	0.506	28.0	11	0	0	0	0	1	/8H9
317	318.0	Keston Hiura\hiurake01	24.0	MIL	NL	16	60	51	5	6	2	0	1	5	1	0	5	22	0.11800000000000001	0.25	0.21600000000000003	0.466	30.0	11	2	4	0	0	0	*3/4
318	319.0	Nico Hoerner\hoernni01	24.0	CHC	NL	1	1	1	0	0	0	0	0	0	0	0	0	0	0.0	0.0	0.0	0.0	-100.0	0	0	0	0	0	0	/H
319	320.0	Jeff Hoffman\hoffmje02	28.0	CIN	NL	4	7	6	1	2	0	0	0	1	0	0	0	1	0.33299999999999996	0.33299999999999996	0.33299999999999996	0.667	77.0	2	0	0	1	0	0	/1
320	321.0	Jordan Holloway\hollojo01	25.0	MIA	NL	1	0	0	0	0	0	0	0	0	0	0	0	0						0	0	0	0	0	0	/1
321	322.0	Clay Holmes\holmecl01	28.0	PIT	NL	8	0	0	0	0	0	0	0	0	0	0	0	0						0	0	0	0	0	0	/1
322	323.0	Brock Holt*\holtbr01	33.0	TEX	AL	8	28	20	1	5	1	0	0	3	1	0	7	4	0.25	0.46399999999999997	0.3	0.764	123.0	6	1	1	0	0	0	/5DH
323	324.0	Rhys Hoskins\hoskirh01	28.0	PHI	NL	18	74	71	13	17	7	0	3	6	0	0	3	25	0.239	0.27	0.465	0.735	100.0	33	3	0	0	0	0	*3/H
324	325.0	Eric Hosmer*\hosmeer01	31.0	SDP	NL	20	85	78	7	24	5	0	3	14	2	1	6	13	0.308	0.365	0.48700000000000004	0.852	142.0	38	1	1	0	0	0	*3/DH
325	326.0	Adrian Houser\housead01	28.0	MIL	NL	4	6	6	0	1	0	0	0	0	0	0	0	4	0.16699999999999998	0.16699999999999998	0.16699999999999998	0.33299999999999996	-8.0	1	0	0	0	0	0	/1
326	327.0	Sam Howard\howarsa01	28.0	PIT	NL	9	0	0	0	0	0	0	0	0	0	0	0	0						0	0	0	0	0	0	1
327	328.0	Spencer Howard\howarsp01	24.0	PHI	NL	2	0	0	0	0	0	0	0	0	0	0	0	0						0	0	0	0	0	0	/1
328	329.0	Daniel Hudson\hudsoda01	34.0	WSN	NL	6	0	0	0	0	0	0	0	0	0	0	0	0						0	0	0	0	0	0	/1
329	330.0	Scott Hurst*\hurstsc01	25.0	STL	NL	5	4	4	0	0	0	0	0	0	0	0	0	1	0.0	0.0	0.0	0.0	-100.0	0	0	0	0	0	0	/8H
330	331.0	José Iglesias\iglesjo01	31.0	LAA	AL	17	68	66	9	18	2	0	1	3	1	0	2	13	0.273	0.294	0.348	0.643	81.0	23	2	0	0	0	0	*6
331	332.0	Raisel Iglesias\iglesra01	31.0	LAA	AL	1	0	0	0	0	0	0	0	0	0	0	0	0						0	0	0	0	0	0	/1
332	333.0	Ender Inciarte*\inciaen01	30.0	ATL	NL	12	20	17	3	5	1	0	0	0	0	0	2	3	0.294	0.368	0.353	0.721	94.0	6	1	0	1	0	0	/87H
333	334.0	Jonathan India\indiajo01	24.0	CIN	NL	17	66	55	8	14	1	1	1	13	0	0	5	17	0.255	0.33299999999999996	0.364	0.6970000000000001	84.0	20	2	3	0	3	1	*4
334	335.0	Kyle Isbel*\isbelky01	24.0	KCR	AL	12	36	34	5	9	0	1	0	3	1	0	2	15	0.265	0.306	0.324	0.629	77.0	11	0	0	0	0	0	9/7DH
335	336.0	Alex Jackson\jacksal02	25.0	ATL	NL	5	12	10	1	1	0	0	0	0	0	0	0	4	0.1	0.25	0.1	0.35	-2.0	1	0	2	0	0	0	/2H
336	337.0	Luke Jackson\jackslu01	29.0	ATL	NL	7	0	0	0	0	0	0	0	0	0	0	0	0						0	0	0	0	0	0	/1
337	338.0	Danny Jansen\janseda01	26.0	TOR	AL	13	38	34	3	2	1	0	0	0	0	0	4	9	0.059000000000000004	0.158	0.08800000000000001	0.24600000000000002	-27.0	3	2	0	0	0	0	*2
338	339.0	Kenley Jansen#\janseke01	33.0	LAD	NL	4	0	0	0	0	0	0	0	0	0	0	0	0						0	0	0	0	0	0	/1
339	340.0	Jon Jay*\jayjo02	36.0	LAA	AL	2	8	8	0	1	0	0	0	0	0	0	0	2	0.125	0.125	0.125	0.25	-29.0	1	0	0	0	0	0	/7
340	341.0	Ryan Jeffers\jeffery01	24.0	MIN	AL	9	30	28	3	5	1	0	0	1	0	0	2	14	0.179	0.233	0.214	0.44799999999999995	32.0	6	0	0	0	0	0	/2H
341	342.0	Pierce Johnson\johnspi01	30.0	SDP	NL	5	0	0	0	0	0	0	0	0	0	0	0	0						0	0	0	0	0	0	/1
342	343.0	JaCoby Jones\jonesja07	29.0	DET	AL	12	35	34	2	6	1	0	1	2	0	0	1	11	0.17600000000000002	0.2	0.294	0.494	39.0	10	1	0	0	0	0	/87H
343	344.0	Nate Jones\jonesna01	35.0	ATL	NL	7	0	0	0	0	0	0	0	0	0	0	0	0						0	0	0	0	0	0	/1
344	345.0	Taylor Jones\jonesta01	27.0	HOU	AL	2	7	6	2	2	0	0	0	1	0	0	1	1	0.33299999999999996	0.429	0.33299999999999996	0.762	121.0	2	0	0	0	0	0	/D
345	346.0	Matthew Joyce*\joycema01	36.0	PHI	NL	9	19	14	0	3	1	0	0	0	0	0	4	3	0.214	0.42100000000000004	0.28600000000000003	0.7070000000000001	103.0	4	0	1	0	0	0	/H79
346	347.0	Aaron Judge\judgeaa01	29.0	NYY	AL	16	69	58	7	15	1	0	4	8	0	0	11	17	0.259	0.377	0.483	0.86	148.0	28	3	0	0	0	0	*9/D
347	348.0	James Karinchak\karinja01	25.0	CLE	AL	1	0	0	0	0	0	0	0	0	0	0	0	0						0	0	0	0	0	0	/1
348	349.0	Sean Kazmar Jr.\kazmase01	36.0	ATL	NL	2	1	1	0	0	0	0	0	0	0	0	0	0	0.0	0.0	0.0	0.0	-100.0	0	1	0	0	0	0	/HD
349	350.0	Keone Kela\kelake01	28.0	SDP	NL	8	0	0	0	0	0	0	0	0	0	0	0	0						0	0	0	0	0	0	/1
350	351.0	Mitch Keller\kellemi03	25.0	PIT	NL	3	4	4	1	0	0	0	0	0	0	0	0	1	0.0	0.0	0.0	0.0	-100.0	0	0	0	0	0	0	/1
351	352.0	Carson Kelly\kellyca02	26.0	ARI	NL	14	54	37	8	13	2	0	4	10	0	0	13	10	0.35100000000000003	0.537	0.73	1.2670000000000001	245.0	27	2	3	0	1	1	*2/H
352	353.0	Merrill Kelly\kellyme01	32.0	ARI	NL	4	9	9	0	0	0	0	0	0	0	0	0	4	0.0	0.0	0.0	0.0	-100.0	0	0	0	0	0	0	/1
353	354.0	Tony Kemp*\kempto01	29.0	OAK	AL	11	27	20	2	3	0	0	0	0	2	0	6	4	0.15	0.34600000000000003	0.15	0.496	55.0	3	0	0	1	0	0	/7H4
354	355.0	Max Kepler*\keplema01	28.0	MIN	AL	14	54	47	5	11	4	1	0	8	3	0	5	12	0.23399999999999999	0.315	0.36200000000000004	0.677	97.0	17	0	1	0	1	1	*9/H
355	356.0	Clayton Kershaw*\kershcl01	33.0	LAD	NL	3	6	5	1	2	0	0	0	1	0	0	1	1	0.4	0.5	0.4	0.9	158.0	2	0	0	0	0	0	/1
356	357.0	Carter Kieboom\kieboca01	23.0	WSN	NL	2	2	1	0	0	0	0	0	0	0	0	1	1	0.0	0.5	0.0	0.5	56.0	0	0	0	0	0	0	/H
357	358.0	Kevin Kiermaier*\kiermke01	31.0	TBR	AL	9	26	25	4	6	1	0	0	2	1	0	1	7	0.24	0.26899999999999996	0.28	0.5489999999999999	63.0	7	2	0	0	0	0	/8H
358	359.0	Ha-Seong Kim\kimha01	25.0	SDP	NL	17	48	43	4	9	0	0	1	2	1	1	3	11	0.209	0.292	0.27899999999999997	0.5710000000000001	65.0	12	1	2	0	0	0	/6H45
359	360.0	Kwang Hyun Kim*\kimkw01	32.0	STL	NL	1	2	2	0	0	0	0	0	0	0	0	0	0	0.0	0.0	0.0	0.0	-100.0	0	0	0	0	0	0	/1
360	361.0	Craig Kimbrel\kimbrcr01	33.0	CHC	NL	8	0	0	0	0	0	0	0	0	0	0	0	0						0	0	0	0	0	0	/1
361	362.0	Isiah Kiner-Falefa\kineris01	26.0	TEX	AL	19	84	79	11	17	2	1	2	7	2	0	2	17	0.215	0.253	0.342	0.595	67.0	27	0	2	1	0	0	*6/H
362	363.0	Scott Kingery\kingesc01	27.0	PHI	NL	1	2	2	0	0	0	0	0	0	0	0	0	1	0.0	0.0	0.0	0.0	-100.0	0	0	0	0	0	0	/8H
363	364.0	Tyler Kinley\kinlety01	30.0	COL	NL	6	0	0	0	0	0	0	0	0	0	0	0	0						0	0	0	0	0	0	/1
364	365.0	Brandon Kintzler\kintzbr01	36.0	PHI	NL	6	0	0	0	0	0	0	0	0	0	0	0	0						0	0	0	0	0	0	/1
365	366.0	Alex Kirilloff*\kirilal01	23.0	MIN	AL	2	3	3	0	0	0	0	0	0	0	0	0	1	0.0	0.0	0.0	0.0	-100.0	0	0	0	0	0	0	/7H
366	367.0	Alejandro Kirk\kirkal01	22.0	TOR	AL	13	32	28	1	5	1	0	1	4	0	0	3	5	0.179	0.281	0.321	0.603	71.0	9	1	1	0	0	0	/2DH
367	368.0	Andrew Kittredge\kittran01	31.0	TBR	AL	1	0	0	0	0	0	0	0	0	0	0	0	0						0	0	0	0	0	0	/1
368	369.0	Andrew Knapp#\knappan01	29.0	PHI	NL	8	19	17	1	3	0	0	1	3	0	0	1	8	0.17600000000000002	0.21100000000000002	0.353	0.563	54.0	6	0	0	0	1	0	/2H34
369	370.0	Corey Knebel\knebeco01	29.0	LAD	NL	6	0	0	0	0	0	0	0	0	0	0	0	0						0	0	0	0	0	0	/1
370	371.0	Andrew Knizner\kniznan01	26.0	STL	NL	6	13	11	1	3	1	0	0	0	0	0	2	2	0.273	0.385	0.364	0.748	114.0	4	1	0	0	0	0	/2H
371	372.0	Adam Kolarek*\kolarad01	32.0	OAK	AL	1	0	0	0	0	0	0	0	0	0	0	0	0						0	0	0	0	0	0	/1
372	373.0	Chad Kuhl\kuhlch01	28.0	PIT	NL	4	6	5	0	0	0	0	0	0	0	0	0	2	0.0	0.0	0.0	0.0	-100.0	0	0	0	1	0	0	/1
373	374.0	Tommy La Stella*\lasteto01	32.0	SFG	NL	17	46	42	4	11	3	0	1	2	0	0	4	4	0.262	0.326	0.405	0.731	108.0	17	0	0	0	0	0	/4H5D
374	375.0	Juan Lagares\lagarju01	32.0	LAA	AL	2	7	7	0	0	0	0	0	0	0	0	0	1	0.0	0.0	0.0	0.0	-100.0	0	0	0	0	0	0	/987
375	376.0	Travis Lakins\lakintr01	27.0	BAL	AL	1	0	0	0	0	0	0	0	0	0	0	0	0						0	0	0	0	0	0	/1
376	377.0	Jake Lamb*\lambja01	30.0	CHW	AL	5	16	13	2	1	0	0	0	0	0	0	3	4	0.077	0.25	0.077	0.327	1.0	1	0	0	0	0	0	/5D7H
377	378.0	Dinelson Lamet\lametdi01	28.0	SDP	NL	1	0	0	0	0	0	0	0	0	0	0	0	0						0	0	0	0	0	0	/1
378	379.0	Ramon Laureano\laurera01	26.0	OAK	AL	16	70	63	11	13	2	2	1	6	8	1	4	18	0.20600000000000002	0.28600000000000003	0.349	0.635	87.0	22	0	3	0	0	0	*8
379	380.0	DJ LeMahieu\lemahdj01	32.0	NYY	AL	17	78	69	9	19	4	0	1	6	0	0	9	15	0.275	0.359	0.377	0.736	115.0	26	3	0	0	0	0	/435
380	381.0	Sandy Leon#\leonsa01	32.0	MIA	NL	2	4	4	1	2	0	0	0	0	0	0	0	0	0.5	0.5	0.5	1.0	180.0	2	0	0	0	0	0	/2H
381	382.0	Kyle Lewis\lewisky01	25.0	SEA	AL	2	8	7	0	0	0	0	0	0	0	0	1	2	0.0	0.125	0.0	0.125	-59.0	0	0	0	0	0	0	/8
382	383.0	Josh Lindblom\lindbjo01	34.0	MIL	NL	4	0	0	0	0	0	0	0	0	0	0	0	0						0	0	0	0	0	0	/1
383	384.0	Francisco Lindor#\lindofr01	27.0	NYM	NL	14	62	49	8	10	1	0	1	3	0	1	10	5	0.204	0.344	0.28600000000000003	0.63	81.0	14	1	1	1	1	1	*6
384	385.0	Tim Locastro\locasti01	28.0	ARI	NL	15	58	52	7	14	0	0	1	2	3	1	4	12	0.26899999999999996	0.345	0.327	0.672	87.0	17	1	2	0	0	0	*8/9H
385	386.0	Evan Longoria\longoev01	35.0	SFG	NL	18	64	55	11	16	4	0	4	9	0	0	9	14	0.29100000000000004	0.391	0.5820000000000001	0.972	173.0	32	1	0	0	0	2	*5/H
386	387.0	Nicky Lopez*\lopezni01	26.0	KCR	AL	17	56	48	9	14	2	1	0	6	2	0	5	6	0.292	0.35200000000000004	0.375	0.727	105.0	18	0	0	2	1	0	*6
387	388.0	Pablo Lopez*\lopezpa01	25.0	MIA	NL	5	7	7	1	1	1	0	0	0	0	0	0	2	0.14300000000000002	0.14300000000000002	0.28600000000000003	0.429	15.0	2	0	0	0	0	0	/1H
388	389.0	Yoan López\lopezyo01	28.0	ARI	NL	9	0	0	0	0	0	0	0	0	0	0	0	0						0	0	0	0	0	0	/1
389	390.0	Aaron Loup*\loupaa01	33.0	NYM	NL	4	0	0	0	0	0	0	0	0	0	0	0	0						0	0	0	0	0	0	/1
390	391.0	Brandon Lowe*\lowebr01	26.0	TBR	AL	18	77	66	8	12	3	0	3	10	0	0	9	23	0.182	0.299	0.364	0.662	95.0	24	0	2	0	0	0	*4/7DH
391	392.0	Nate Lowe*\lowena01	25.0	TEX	AL	19	81	71	9	18	2	0	5	17	2	0	9	24	0.254	0.34600000000000003	0.493	0.8390000000000001	134.0	35	3	1	0	0	0	*3/D5
392	393.0	Jed Lowrie#\lowrije01	37.0	OAK	AL	17	70	62	12	20	6	0	2	14	0	0	8	11	0.32299999999999995	0.4	0.516	0.9159999999999999	169.0	32	0	0	0	0	0	*4/DH
393	394.0	Joey Lucchesi*\lucchjo01	28.0	NYM	NL	3	2	2	0	0	0	0	0	0	0	0	0	2	0.0	0.0	0.0	0.0	-100.0	0	0	0	0	0	0	/1
394	395.0	Jonathan Lucroy\lucrojo01	35.0	WSN	NL	5	14	14	0	5	1	0	0	2	0	0	0	2	0.35700000000000004	0.35700000000000004	0.429	0.7859999999999999	119.0	6	0	0	0	0	0	/2H
395	396.0	Jordan Luplow\luplojo01	27.0	CLE	AL	13	42	34	6	8	1	0	5	11	0	1	8	13	0.235	0.381	0.706	1.087	197.0	24	0	0	0	0	0	*8/9H7
396	397.0	Gavin Lux*\luxga01	23.0	LAD	NL	13	45	41	4	9	0	2	0	5	1	0	2	11	0.22	0.244	0.317	0.562	57.0	13	2	0	0	2	0	4/H6
397	398.0	Jesus Luzardo*\luzarje01	23.0	OAK	AL	1	1	1	0	0	0	0	0	0	0	0	0	0	0.0	0.0	0.0	0.0	-100.0	0	0	0	0	0	0	/1
398	399.0	Manny Machado\machama01	28.0	SDP	NL	20	89	73	12	19	2	0	3	9	4	1	15	14	0.26	0.382	0.41100000000000003	0.7929999999999999	128.0	30	2	0	0	1	1	*5/D
399	400.0	Vimael Machin*\machivi01	27.0	OAK	AL	2	6	6	1	1	0	0	0	0	0	0	0	1	0.16699999999999998	0.16699999999999998	0.16699999999999998	0.33299999999999996	-1.0	1	1	0	0	0	0	/4
400	401.0	Nick Madrigal\madrini01	24.0	CHW	AL	16	60	53	10	15	2	1	0	4	1	1	4	2	0.28300000000000003	0.35	0.358	0.708	105.0	19	1	2	0	1	0	*4/DH
401	402.0	Kenta Maeda\maedake01	33.0	MIN	AL	1	2	1	0	0	0	0	0	0	0	0	0	0	0.0	0.0	0.0	0.0	-100.0	0	0	0	1	0	0	/1
402	403.0	Tyler Mahle\mahlety01	26.0	CIN	NL	4	8	5	0	0	0	0	0	0	0	0	0	0	0.0	0.0	0.0	0.0	-100.0	0	1	0	3	0	0	/1
403	404.0	Martin Maldonado\maldoma01	34.0	HOU	AL	12	44	41	3	4	1	0	0	0	0	0	3	20	0.098	0.159	0.122	0.281	-18.0	5	1	0	0	0	0	2/H
404	405.0	Trey Mancini\mancitr01	29.0	BAL	AL	18	74	67	9	13	3	0	4	12	0	0	5	20	0.19399999999999998	0.257	0.418	0.675	89.0	28	5	1	0	1	0	*3/DH
405	406.0	Dillon Maples\mapledi01	29.0	CHC	NL	4	0	0	0	0	0	0	0	0	0	0	0	0						0	0	0	0	0	0	/1
406	407.0	Tucupita Marcano*\marcatu01	21.0	SDP	NL	10	13	12	1	2	1	0	0	1	0	0	1	1	0.16699999999999998	0.231	0.25	0.48100000000000004	38.0	3	1	0	0	0	0	/H59
407	408.0	Manuel Margot\margoma01	26.0	TBR	AL	17	60	53	9	13	2	1	2	11	2	0	6	14	0.245	0.317	0.434	0.7509999999999999	120.0	23	1	0	0	1	0	*/879HD
408	409.0	Jake Marisnick\marisja01	30.0	CHC	NL	13	25	22	3	5	1	1	0	3	1	1	3	10	0.22699999999999998	0.32	0.364	0.684	92.0	8	0	0	0	0	0	8/H
409	410.0	Jose Marmolejos*\marmojo01	28.0	SEA	AL	14	39	33	5	7	2	0	3	8	0	0	6	13	0.212	0.33299999999999996	0.545	0.879	152.0	18	0	0	0	0	0	/37HD
410	411.0	German Marquez\marquge01	26.0	COL	NL	4	8	8	0	1	0	0	0	0	0	0	0	2	0.125	0.125	0.125	0.25	-34.0	1	0	0	0	0	0	/1
411	412.0	Ketel Marte#\marteke01	27.0	ARI	NL	6	28	26	5	12	4	0	2	5	0	0	2	4	0.462	0.5	0.846	1.3459999999999999	263.0	22	1	0	0	0	0	/8
412	413.0	Starling Marte\martest01	32.0	MIA	NL	15	69	57	15	18	2	1	2	8	3	1	8	14	0.316	0.42	0.491	0.912	153.0	28	1	3	0	1	0	*8
413	414.0	Chris Martin\martich02	35.0	ATL	NL	2	0	0	0	0	0	0	0	0	0	0	0	0						0	0	0	0	0	0	/1
414	415.0	Carlos Martinez\martica04	29.0	STL	NL	4	5	5	0	1	1	0	0	0	0	0	0	2	0.2	0.2	0.4	0.6	65.0	2	0	0	0	0	0	/1
415	416.0	J.D. Martinez\martijd02	33.0	BOS	AL	18	80	72	17	26	8	0	6	20	0	0	8	17	0.361	0.425	0.722	1.147	215.0	52	4	0	0	0	0	*D/79
416	417.0	Jorge Mateo\mateojo01	26.0	SDP	NL	14	26	22	0	5	2	0	0	1	0	0	1	7	0.22699999999999998	0.34600000000000003	0.318	0.664	93.0	7	0	3	0	0	0	/H8795
417	418.0	Wyatt Mathisen\mathiwy01	27.0	ARI	NL	15	32	24	2	4	0	0	0	6	0	0	4	13	0.16699999999999998	0.344	0.16699999999999998	0.51	47.0	4	0	3	0	1	0	/3H57
418	419.0	Nick Maton*\matonni01	24.0	PHI	NL	3	12	12	1	5	1	0	0	1	0	0	0	4	0.41700000000000004	0.41700000000000004	0.5	0.917	155.0	6	0	0	0	0	0	/6
419	420.0	Phil Maton\matonph01	28.0	CLE	AL	1	0	0	0	0	0	0	0	0	0	0	0	0						0	0	0	0	0	0	/1
420	421.0	Tyler Matzek*\matzety01	30.0	ATL	NL	8	0	0	0	0	0	0	0	0	0	0	0	0						0	0	0	0	0	0	/1
421	422.0	Dustin May\maydu01	23.0	LAD	NL	1	2	1	0	0	0	0	0	0	0	0	0	1	0.0	0.0	0.0	0.0	-100.0	0	0	0	1	0	0	/1
422	423.0	Trevor May\maytr01	31.0	NYM	NL	6	0	0	0	0	0	0	0	0	0	0	0	0						0	0	0	0	0	0	/1
423	424.0	Jack Mayfield\mayfija01	30.0	LAA	AL	2	3	3	0	0	0	0	0	0	0	0	0	2	0.0	0.0	0.0	0.0	-100.0	0	0	0	0	0	0	/5H
424	425.0	Nomar Mazara*\mazarno01	26.0	DET	AL	12	40	38	3	9	0	0	2	5	0	0	2	7	0.237	0.275	0.395	0.67	89.0	15	3	0	0	0	0	/9DH
425	426.0	Ryan McBroom\mcbrory01	29.0	KCR	AL	3	5	4	1	0	0	0	0	0	0	0	1	4	0.0	0.2	0.0	0.2	-37.0	0	0	0	0	0	0	/HD
426	427.0	James McCann\mccanja02	31.0	NYM	NL	12	44	40	2	10	0	0	1	3	0	0	4	11	0.25	0.318	0.325	0.643	83.0	13	2	0	0	0	0	*2
427	428.0	Chas McCormick\mccorch01	26.0	HOU	AL	9	21	18	5	3	2	0	1	6	1	0	1	5	0.16699999999999998	0.23800000000000002	0.444	0.6829999999999999	88.0	8	0	1	0	1	0	/78HD9
428	429.0	Andrew McCutchen\mccutan01	34.0	PHI	NL	16	67	55	5	9	0	1	1	5	2	0	12	15	0.16399999999999998	0.313	0.255	0.568	61.0	14	1	0	0	0	0	*7/H
429	430.0	Jake McGee*\mcgeeja01	34.0	SFG	NL	9	0	0	0	0	0	0	0	0	0	0	0	0						0	0	0	0	0	0	1
430	431.0	Kyle McGowin\mcgowky01	29.0	WSN	NL	5	0	0	0	0	0	0	0	0	0	0	0	0						0	0	0	0	0	0	/1
431	432.0	Collin McHugh\mchugco01	34.0	TBR	AL	1	0	0	0	0	0	0	0	0	0	0	0	0						0	0	0	0	0	0	/1
432	433.0	Ryan McKenna\mckenry01	24.0	BAL	AL	12	13	12	4	2	0	1	0	0	0	0	1	5	0.16699999999999998	0.231	0.33299999999999996	0.564	59.0	4	0	0	0	0	0	/7H9
433	434.0	Triston McKenzie\mckentr01	23.0	CLE	AL	1	2	2	0	1	0	0	0	0	0	0	0	0	0.5	0.5	0.5	1.0	183.0	1	0	0	0	0	0	/1
434	435.0	Billy McKinney*\mckinbi01	26.0	MIL	NL	16	37	36	5	10	0	1	2	4	0	0	1	7	0.278	0.297	0.5	0.797	114.0	18	0	0	0	0	0	/7H39
435	436.0	Zach McKinstry*\mckinza01	26.0	LAD	NL	17	58	54	7	16	5	0	3	14	0	0	2	14	0.29600000000000004	0.32799999999999996	0.556	0.883	143.0	30	0	1	0	1	0	*9/475
436	437.0	Ryan McMahon*\mcmahry01	26.0	COL	NL	18	70	69	12	19	4	0	6	10	1	0	1	14	0.275	0.28600000000000003	0.594	0.88	124.0	41	2	0	0	0	0	4/5H
437	438.0	Jeff McNeil*\mcneije01	29.0	NYM	NL	14	48	43	4	7	2	0	1	4	0	0	4	4	0.163	0.25	0.27899999999999997	0.529	50.0	12	1	1	0	0	0	*4/H
438	439.0	Austin Meadows*\meadoau01	26.0	TBR	AL	18	82	65	11	16	5	0	4	7	0	0	14	19	0.24600000000000002	0.39	0.508	0.898	163.0	33	2	2	0	1	0	*7/DH9
439	440.0	Francisco Mejia#\mejiafr01	25.0	TBR	AL	10	35	31	2	10	3	0	1	6	0	0	2	2	0.32299999999999995	0.353	0.516	0.8690000000000001	153.0	16	1	0	1	1	0	/2DH
440	441.0	Mark Melancon\melanma01	36.0	SDP	NL	7	0	0	0	0	0	0	0	0	0	0	0	0						0	0	0	0	0	0	/1
441	442.0	Danny Mendick\mendida01	27.0	CHW	AL	8	21	16	2	6	0	0	0	2	0	0	5	5	0.375	0.524	0.375	0.899	166.0	6	0	0	0	0	0	/641
442	443.0	Yermin Mercedes\merceye01	28.0	CHW	AL	16	63	59	7	23	4	0	4	12	0	0	4	10	0.39	0.429	0.6609999999999999	1.09	208.0	39	1	0	0	0	0	*D/31H
443	444.0	Jordy Mercer\mercejo03	34.0	WSN	NL	7	18	18	1	6	0	0	0	0	0	0	0	3	0.33299999999999996	0.33299999999999996	0.33299999999999996	0.667	87.0	6	0	0	0	0	0	/4H63
444	445.0	Whit Merrifield\merriwh01	32.0	KCR	AL	17	76	67	12	19	4	0	3	12	5	1	5	8	0.284	0.32899999999999996	0.478	0.807	123.0	32	0	1	0	3	1	*4
445	446.0	Wade Miley*\mileywa01	34.0	CIN	NL	3	7	7	0	1	0	0	0	0	0	0	0	5	0.14300000000000002	0.14300000000000002	0.14300000000000002	0.28600000000000003	-24.0	1	0	0	0	0	0	/1
446	447.0	Andrew Miller*\millean01	36.0	STL	NL	7	0	0	0	0	0	0	0	0	0	0	0	0						0	0	0	0	0	0	/1
447	448.0	Brad Miller*\millebr02	31.0	PHI	NL	10	20	19	4	7	0	0	1	3	0	0	1	6	0.368	0.4	0.526	0.9259999999999999	156.0	10	1	0	0	0	0	/H345
448	449.0	Shelby Miller\millesh01	30.0	CHC	NL	3	0	0	0	0	0	0	0	0	0	0	0	0						0	0	0	0	0	0	/1
449	450.0	Alec Mills\millsal02	29.0	CHC	NL	7	4	4	0	0	0	0	0	0	0	0	0	3	0.0	0.0	0.0	0.0	-100.0	0	0	0	0	0	0	/1
450	451.0	A.J. Minter*\minteaj01	27.0	ATL	NL	8	0	0	0	0	0	0	0	0	0	0	0	0						0	0	0	0	0	0	1
451	452.0	Yadier Molina\molinya01	38.0	STL	NL	17	65	59	12	19	4	0	4	12	0	0	5	13	0.322	0.369	0.593	0.9620000000000001	167.0	35	0	0	0	1	0	*2/H
452	453.0	Yoan Moncada#\moncayo01	26.0	CHW	AL	16	71	60	7	12	2	0	1	8	0	0	7	22	0.2	0.31	0.28300000000000003	0.593	73.0	17	1	3	0	1	0	*5
453	454.0	Mickey Moniak*\moniami01	23.0	PHI	NL	6	20	18	3	2	0	0	1	3	0	0	2	9	0.111	0.2	0.278	0.478	32.0	5	0	0	0	0	1	/879
454	455.0	Dylan Moore\mooredy01	28.0	SEA	AL	19	63	54	5	6	3	0	1	6	3	0	8	22	0.111	0.222	0.222	0.444	31.0	12	1	0	0	1	0	*4/795H
455	456.0	Matt Moore*\moorema02	32.0	PHI	NL	3	4	4	0	0	0	0	0	0	0	0	0	3	0.0	0.0	0.0	0.0	-100.0	0	0	0	0	0	0	/1
456	457.0	Colin Moran*\moranco01	28.0	PIT	NL	19	76	68	8	20	5	0	4	15	0	0	8	21	0.294	0.368	0.544	0.9129999999999999	150.0	37	0	0	0	0	0	*3/DH
457	458.0	Adrián Morejón*\morejad01	22.0	SDP	NL	1	1	1	0	0	0	0	0	0	0	0	0	0	0.0	0.0	0.0	0.0	-100.0	0	0	0	0	0	0	/1
458	459.0	Mitch Moreland*\morelmi01	35.0	OAK	AL	16	46	40	4	10	0	0	2	8	0	0	4	10	0.25	0.326	0.4	0.726	114.0	16	1	1	0	1	0	*D/3H
459	460.0	Reyes Moronta\moronre01	28.0	SFG	NL	3	0	0	0	0	0	0	0	0	0	0	0	0						0	0	0	0	0	0	/1
460	461.0	Charlie Morton\mortoch02	37.0	ATL	NL	3	5	5	1	1	0	0	0	0	0	0	0	3	0.2	0.2	0.2	0.4	7.0	1	0	0	0	0	0	/1
461	462.0	Ryan Mountcastle\mountry01	24.0	BAL	AL	18	69	65	6	11	4	0	1	7	2	0	3	23	0.16899999999999998	0.203	0.27699999999999997	0.48	35.0	18	0	0	0	1	0	/D73H
462	463.0	Mike Moustakas*\moustmi01	32.0	CIN	NL	12	47	38	10	11	4	0	2	5	0	0	7	7	0.289	0.40399999999999997	0.5529999999999999	0.9570000000000001	150.0	21	1	1	0	1	0	*5
463	464.0	Cedric Mullins*\mullice01	26.0	BAL	AL	18	74	67	8	22	7	0	1	4	2	1	7	16	0.32799999999999996	0.392	0.478	0.87	147.0	32	0	0	0	0	1	*8/H
464	465.0	Max Muncy*\muncyma01	30.0	LAD	NL	18	75	60	12	16	2	1	3	10	0	0	13	14	0.267	0.413	0.483	0.897	152.0	29	0	2	0	0	2	*3/4D
465	466.0	Sean Murphy\murphse01	26.0	OAK	AL	12	48	38	3	6	3	0	1	5	0	0	7	13	0.158	0.33299999999999996	0.316	0.649	94.0	12	0	3	0	0	0	*2/H
466	467.0	Tom Murphy\murphto04	30.0	SEA	AL	11	36	33	4	4	0	0	1	1	0	0	2	11	0.121	0.171	0.212	0.384	12.0	7	1	0	0	0	0	2/DH
467	468.0	Joe Musgrove\musgrjo01	28.0	SDP	NL	4	7	7	0	1	0	0	0	0	0	0	0	4	0.14300000000000002	0.14300000000000002	0.14300000000000002	0.28600000000000003	-18.0	1	0	0	0	0	0	/17
468	469.0	Wil Myers\myerswi01	30.0	SDP	NL	20	72	63	9	17	4	0	3	11	1	0	9	18	0.27	0.361	0.47600000000000003	0.8370000000000001	138.0	30	2	0	0	0	0	*9/HD
469	470.0	Tyler Naquin*\naquity01	30.0	CIN	NL	15	60	52	9	14	1	0	6	18	1	1	6	15	0.26899999999999996	0.35	0.635	0.985	153.0	33	0	1	0	1	0	*/879H
470	471.0	Omar Narvaez*\narvaom01	29.0	MIL	NL	16	55	48	7	19	1	0	3	10	0	0	4	7	0.396	0.455	0.604	1.0590000000000002	188.0	29	1	2	0	1	0	*2/H
471	472.0	Josh Naylor*\naylojo01	24.0	CLE	AL	16	59	55	4	14	5	0	0	2	0	0	3	13	0.255	0.293	0.345	0.639	79.0	19	0	0	0	0	0	*9/3H
472	473.0	Nick Neidert\neideni01	24.0	MIA	NL	3	4	3	0	0	0	0	0	0	0	0	1	1	0.0	0.25	0.0	0.25	-22.0	0	0	0	0	0	0	/1
473	474.0	Jimmy Nelson\nelsoji02	32.0	LAD	NL	5	1	1	0	0	0	0	0	0	0	0	0	1	0.0	0.0	0.0	0.0	-100.0	0	0	0	0	0	0	/1
474	475.0	Hector Neris\nerishe01	32.0	PHI	NL	8	0	0	0	0	0	0	0	0	0	0	0	0						0	0	0	0	0	0	/1
475	476.0	Sheldon Neuse\neusesh01	26.0	LAD	NL	3	8	8	1	1	0	0	1	1	0	0	0	4	0.125	0.125	0.5	0.625	66.0	4	1	0	0	0	0	/45
476	477.0	Sean Newcomb*\newcose01	28.0	ATL	NL	5	0	0	0	0	0	0	0	0	0	0	0	0						0	0	0	0	0	0	/1
477	478.0	Kevin Newman\newmake01	27.0	PIT	NL	17	65	62	3	11	2	0	0	2	0	0	3	4	0.177	0.215	0.21	0.425	19.0	13	0	0	0	0	0	*6/H4
478	479.0	Tomas Nido\nidoto01	27.0	NYM	NL	5	7	6	1	1	0	1	0	0	0	0	0	1	0.16699999999999998	0.28600000000000003	0.5	0.7859999999999999	117.0	3	0	1	0	0	0	/2
479	480.0	Brandon Nimmo*\nimmobr01	28.0	NYM	NL	13	53	44	5	17	3	0	0	4	2	0	8	14	0.386	0.48100000000000004	0.455	0.935	167.0	20	0	0	1	0	0	*8/7H
480	481.0	John Nogowski\nogowjo01	28.0	STL	NL	13	14	12	2	1	0	0	0	0	0	0	1	1	0.083	0.214	0.083	0.298	-11.0	1	1	1	0	0	0	*H/3
481	482.0	Aaron Nola\nolaaa01	28.0	PHI	NL	4	8	7	0	0	0	0	0	0	0	0	0	4	0.0	0.0	0.0	0.0	-100.0	0	0	0	1	0	0	/1
482	483.0	Dom Nunez*\nunezdo01	26.0	COL	NL	11	37	34	6	8	1	1	4	9	0	0	3	14	0.235	0.297	0.6759999999999999	0.9740000000000001	146.0	23	0	0	0	0	1	2
483	484.0	Renato Nunez\nunezre01	27.0	DET	AL	7	29	27	5	4	2	0	2	3	0	0	1	8	0.14800000000000002	0.207	0.444	0.6509999999999999	79.0	12	1	1	0	0	0	/D3
484	485.0	Brian O'Grady*\ogradbr01	29.0	SDP	NL	1	1	1	0	0	0	0	0	0	0	0	0	0	0.0	0.0	0.0	0.0	-100.0	0	0	0	0	0	0	/H
485	486.0	Tyler O'Neill\oneilty01	26.0	STL	NL	8	29	28	3	4	1	0	1	3	0	1	0	14	0.14300000000000002	0.172	0.28600000000000003	0.45799999999999996	27.0	8	1	1	0	0	0	/7
486	487.0	Joseph Odom\odomjo01	29.0	TBR	AL	2	2	2	0	0	0	0	0	0	0	0	0	1	0.0	0.0	0.0	0.0	-100.0	0	0	0	0	0	0	/2H
487	488.0	Rougned Odor*\odorro01	27.0	NYY	AL	9	32	30	3	5	0	0	1	5	0	0	1	3	0.16699999999999998	0.21899999999999997	0.267	0.485	40.0	8	2	1	0	0	0	/4
488	489.0	Shohei Ohtani*\ohtansh01	26.0	LAA	AL	16	67	63	12	18	3	2	5	13	2	1	2	20	0.28600000000000003	0.32799999999999996	0.635	0.963	163.0	40	2	2	0	0	0	*D/1H
489	490.0	Matt Olson*\olsonma02	27.0	OAK	AL	16	66	57	11	18	3	0	6	15	0	1	6	11	0.316	0.39399999999999996	0.684	1.078	211.0	39	3	2	0	1	0	*3/D
490	491.0	Johan Oviedo\oviedjo01	23.0	STL	NL	1	2	2	0	0	0	0	0	1	0	0	0	1	0.0	0.0	0.0	0.0	-100.0	0	0	0	0	0	0	/1
491	492.0	Luis Oviedo\oviedlu01	22.0	PIT	NL	4	0	0	0	0	0	0	0	0	0	0	0	0						0	0	0	0	0	0	/1
492	493.0	Chris Owings\owingch01	29.0	COL	NL	7	17	15	6	8	3	3	0	3	2	0	2	2	0.5329999999999999	0.588	1.133	1.722	339.0	17	0	0	0	0	0	/4H879
493	494.0	Marcell Ozuna\ozunama01	30.0	ATL	NL	18	79	68	5	14	0	0	1	10	0	0	10	23	0.20600000000000002	0.316	0.25	0.5660000000000001	54.0	17	0	1	0	0	0	*7
494	495.0	Cristian Pache\pachecr01	22.0	ATL	NL	11	31	30	3	4	2	0	0	0	0	0	1	13	0.133	0.161	0.2	0.361	-4.0	6	0	0	0	0	0	8/H
495	496.0	Chris Paddack\paddach01	25.0	SDP	NL	3	5	5	0	0	0	0	0	0	0	0	0	2	0.0	0.0	0.0	0.0	-100.0	0	0	0	0	0	0	/1
496	497.0	Kevin Padlo\padloke01	24.0	TBR	AL	3	8	6	0	0	0	0	0	0	0	0	2	5	0.0	0.25	0.0	0.25	-17.0	0	0	0	0	0	0	/5
497	498.0	Emilio Pagan*\paganem01	30.0	SDP	NL	9	0	0	0	0	0	0	0	0	0	0	0	0						0	0	0	0	0	0	1
498	499.0	Josh Palacios*\palacjo01	25.0	TOR	AL	10	35	28	7	7	0	0	0	4	0	0	3	7	0.25	0.353	0.25	0.603	76.0	7	0	2	1	1	0	/97DH
499	500.0	Joe Panik*\panikjo01	30.0	TOR	AL	10	26	26	1	8	2	0	0	3	0	0	0	3	0.308	0.308	0.385	0.6920000000000001	96.0	10	0	0	0	0	0	/54HD
500	501.0	Mark Payton*\paytoma01	29.0	CIN	NL	5	5	4	1	1	0	0	0	0	0	0	1	1	0.25	0.4	0.25	0.65	77.0	1	0	0	0	0	0	/H9
501	502.0	Matt Peacock\peacoma01	27.0	ARI	NL	3	1	1	1	1	0	0	0	0	0	0	0	0	1.0	1.0	1.0	2.0	455.0	1	0	0	0	0	0	/1
502	503.0	Joc Pederson*\pederjo01	29.0	CHC	NL	16	61	51	5	7	0	1	1	4	0	0	7	20	0.13699999999999998	0.262	0.235	0.498	41.0	12	0	2	0	1	0	*7/9H
503	504.0	David Peralta*\peralda01	33.0	ARI	NL	18	75	67	10	18	2	3	2	16	0	0	8	12	0.26899999999999996	0.34700000000000003	0.478	0.8240000000000001	125.0	32	3	0	0	0	2	*7/H
504	505.0	Freddy Peralta\peralfr01	25.0	MIL	NL	4	4	3	0	0	0	0	0	0	0	0	1	2	0.0	0.25	0.0	0.25	-23.0	0	0	0	0	0	0	/1
505	506.0	Wandy Peralta*\peralwa01	29.0	SFG	NL	8	0	0	0	0	0	0	0	0	0	0	0	0						0	0	0	0	0	0	/1
506	507.0	Angel Perdomo*\perdoan01	27.0	MIL	NL	3	0	0	0	0	0	0	0	0	0	0	0	0						0	0	0	0	0	0	/1
507	508.0	Geraldo Perdomo#\perdoge01	21.0	ARI	NL	4	13	10	1	1	0	0	0	0	0	0	3	2	0.1	0.308	0.1	0.408	19.0	1	0	0	0	0	1	/6
508	509.0	Cionel Pérez\perezci01	25.0	CIN	NL	10	1	1	0	0	0	0	0	0	0	0	0	0	0.0	0.0	0.0	0.0	-100.0	0	0	0	0	0	0	1
509	510.0	Hernan Perez\perezhe01	30.0	WSN	NL	8	16	14	1	1	0	0	0	0	0	0	2	8	0.071	0.188	0.071	0.259	-24.0	1	0	0	0	0	0	/431H7
510	511.0	Michael Perez*\perezmi03	28.0	PIT	NL	7	21	18	1	1	0	0	0	0	0	0	2	8	0.055999999999999994	0.19	0.055999999999999994	0.24600000000000002	-27.0	1	0	1	0	0	0	/2H
511	512.0	Oliver Perez*\perezol01	39.0	CLE	AL	2	0	0	0	0	0	0	0	0	0	0	0	0						0	0	0	0	0	0	/1
512	513.0	Roberto Perez\perezro02	32.0	CLE	AL	13	49	39	6	7	0	0	3	9	0	0	9	17	0.179	0.34700000000000003	0.41	0.757	112.0	16	1	1	0	0	0	*2
513	514.0	Salvador Perez\perezsa02	31.0	KCR	AL	17	73	68	11	19	4	0	5	12	0	0	4	19	0.27899999999999997	0.32899999999999996	0.5589999999999999	0.888	143.0	38	1	1	0	0	0	*2/D
514	515.0	David Peterson*\peterda01	25.0	NYM	NL	3	6	4	0	0	0	0	0	0	0	0	0	3	0.0	0.0	0.0	0.0	-100.0	0	0	0	2	0	0	/1
515	516.0	Jace Peterson*\peterja01	31.0	MIL	NL	10	28	24	3	5	0	0	2	4	0	0	4	9	0.20800000000000002	0.321	0.45799999999999996	0.78	111.0	11	0	0	0	0	0	/4H
516	517.0	Yusmeiro Petit\petityu01	36.0	OAK	AL	2	0	0	0	0	0	0	0	0	0	0	0	0						0	0	0	0	0	0	1
517	518.0	Tommy Pham\phamth01	33.0	SDP	NL	19	73	59	3	9	1	0	0	4	2	1	11	14	0.153	0.301	0.16899999999999998	0.47100000000000003	40.0	10	2	2	0	1	0	*/78H
518	519.0	Brett Phillips*\phillbr02	27.0	TBR	AL	12	29	23	3	4	2	0	0	1	1	2	5	10	0.174	0.31	0.261	0.5710000000000001	72.0	6	0	0	0	1	0	*/879H
519	520.0	Kevin Pillar\pillake01	32.0	NYM	NL	11	24	22	3	2	0	0	0	0	1	0	1	5	0.091	0.16699999999999998	0.091	0.258	-24.0	2	1	1	0	0	0	/8H9
520	521.0	Manny Pina\pinama01	34.0	MIL	NL	7	20	16	2	3	1	0	1	3	0	0	3	3	0.188	0.3	0.43799999999999994	0.738	99.0	7	0	0	0	1	0	/2H
521	522.0	Chad Pinder\pindech01	29.0	OAK	AL	4	10	10	1	3	0	0	1	2	0	0	0	5	0.3	0.3	0.6	0.9	158.0	6	0	0	0	0	0	/97H
522	523.0	Michael Pineda\pinedmi01	32.0	MIN	AL	1	2	2	0	0	0	0	0	0	0	0	0	1	0.0	0.0	0.0	0.0	-100.0	0	1	0	0	0	0	/1
523	524.0	Stephen Piscotty\piscost01	30.0	OAK	AL	13	41	36	5	8	3	0	2	4	1	0	4	11	0.222	0.317	0.47200000000000003	0.789	130.0	17	1	1	0	0	0	/9HD
524	525.0	Kevin Plawecki\plaweke01	30.0	BOS	AL	7	24	22	3	5	1	0	0	0	0	0	0	2	0.22699999999999998	0.261	0.273	0.534	51.0	6	2	1	1	0	0	/2D
525	526.0	Adam Plutko\plutkad01	29.0	BAL	AL	1	0	0	0	0	0	0	0	0	0	0	0	0						0	0	0	0	0	0	/1
526	527.0	Gregory Polanco*\polangr01	29.0	PIT	NL	16	62	53	7	9	1	0	2	3	2	0	9	18	0.17	0.29	0.302	0.5920000000000001	65.0	16	1	0	0	0	0	*9/H
527	528.0	Jorge Polanco#\polanjo01	27.0	MIN	AL	17	73	66	8	14	3	0	0	7	2	1	4	11	0.212	0.27399999999999997	0.258	0.532	57.0	17	0	2	0	1	0	*4/6
528	529.0	AJ Pollock\polloaj01	33.0	LAD	NL	17	57	53	7	12	3	0	1	5	0	0	4	18	0.226	0.281	0.34	0.62	74.0	18	1	0	0	0	1	*7/8H
529	530.0	Drew Pomeranz\pomerdr01	32.0	SDP	NL	6	0	0	0	0	0	0	0	0	0	0	0	0						0	0	0	0	0	0	/1
530	531.0	Daniel Ponce de Leon\ponceda01	29.0	STL	NL	4	2	2	0	0	0	0	0	0	0	0	0	2	0.0	0.0	0.0	0.0	-100.0	0	0	0	0	0	0	/1
531	532.0	Zach Pop\popza01	24.0	MIA	NL	6	0	0	0	0	0	0	0	0	0	0	0	0						0	0	0	0	0	0	/1
532	533.0	Sean Poppen\poppese01	27.0	PIT	NL	1	0	0	0	0	0	0	0	0	0	0	0	0						0	0	0	0	0	0	/1
533	534.0	Buster Posey\poseybu01	34.0	SFG	NL	12	46	42	9	13	1	0	4	4	0	0	3	8	0.31	0.37	0.619	0.9890000000000001	176.0	26	4	1	0	0	0	*2
534	535.0	David Price*\priceda01	35.0	LAD	NL	4	1	0	0	0	0	0	0	1	0	0	0	0		0.0				0	0	0	0	1	0	/1
535	536.0	Jurickson Profar#\profaju01	28.0	SDP	NL	21	83	66	11	17	3	1	0	5	3	0	13	13	0.258	0.37	0.33299999999999996	0.7040000000000001	104.0	22	5	0	1	2	1	*7/493
536	537.0	Albert Pujols\pujolal01	41.0	LAA	AL	14	51	48	6	11	0	0	3	8	1	0	2	6	0.22899999999999998	0.275	0.41700000000000004	0.691	92.0	20	1	1	0	0	1	3/DH
537	538.0	Cal Quantrill*\quantca01	26.0	CLE	AL	1	0	0	0	0	0	0	0	0	0	0	0	0						0	0	0	0	0	0	/1
538	539.0	Roman Quinn#\quinnro01	28.0	PHI	NL	15	31	25	3	1	0	0	0	0	2	1	3	11	0.04	0.226	0.04	0.266	-20.0	1	0	3	0	0	0	*8/H
539	540.0	Tanner Rainey\raineta01	28.0	WSN	NL	7	0	0	0	0	0	0	0	0	0	0	0	0						0	0	0	0	0	0	/1
540	541.0	Brooks Raley*\raleybr01	33.0	HOU	AL	1	0	0	0	0	0	0	0	0	0	0	0	0						0	0	0	0	0	0	/1
541	542.0	Luke Raley*\raleylu01	26.0	LAD	NL	9	22	21	1	5	1	0	1	2	0	0	1	6	0.23800000000000002	0.273	0.429	0.701	94.0	9	0	0	0	0	0	/97H
542	543.0	Jose Ramirez#\ramirjo01	28.0	CLE	AL	17	72	64	7	14	2	0	4	8	4	0	7	8	0.21899999999999997	0.292	0.43799999999999994	0.7290000000000001	101.0	28	2	0	0	1	1	*5
543	544.0	Nick Ramirez*\ramirni01	31.0	SDP	NL	2	0	0	0	0	0	0	0	0	0	0	0	0						0	0	0	0	0	0	/1
544	545.0	Wilson Ramos\ramoswi01	33.0	DET	AL	17	67	61	8	15	3	0	6	8	0	0	4	17	0.24600000000000002	0.292	0.59	0.882	144.0	36	1	0	0	0	0	*2/D
545	546.0	Drew Rasmussen\rasmudr01	25.0	MIL	NL	7	0	0	0	0	0	0	0	0	0	0	0	0						0	0	0	0	0	0	/1
546	547.0	J.T. Realmuto\realmjt01	30.0	PHI	NL	18	62	52	6	15	4	0	2	9	1	0	7	15	0.28800000000000003	0.40299999999999997	0.48100000000000004	0.884	146.0	25	0	3	0	0	1	*2/H3
547	548.0	Sean Reid-Foley\reidfse01	25.0	NYM	NL	1	0	0	0	0	0	0	0	0	0	0	0	0						0	0	0	0	0	0	/1
548	549.0	Anthony Rendon\rendoan01	31.0	LAA	AL	8	37	31	5	9	0	0	1	3	0	0	5	7	0.29	0.37799999999999995	0.387	0.765	117.0	12	2	0	0	1	0	/5
549	550.0	Hunter Renfroe\renfrhu01	29.0	BOS	AL	13	50	45	7	8	1	0	1	7	0	1	3	14	0.17800000000000002	0.22	0.267	0.48700000000000004	36.0	12	1	0	0	2	0	*9/8
550	551.0	Luis Rengifo#\rengilu01	24.0	LAA	AL	3	12	11	1	1	0	0	0	0	0	0	1	2	0.091	0.16699999999999998	0.091	0.258	-24.0	1	0	0	0	0	0	/5
551	552.0	Alex Reyes\reyesal02	26.0	STL	NL	8	0	0	0	0	0	0	0	0	0	0	0	0						0	0	0	0	0	0	/1
552	553.0	Franmil Reyes\reyesfr01	25.0	CLE	AL	16	64	59	8	16	3	1	4	10	0	0	3	19	0.271	0.313	0.5589999999999999	0.872	138.0	33	3	1	0	1	0	*D/9
553	554.0	Victor Reyes#\reyesvi01	26.0	DET	AL	12	36	35	4	5	2	0	1	1	1	0	1	11	0.14300000000000002	0.16699999999999998	0.28600000000000003	0.452	26.0	10	0	0	0	0	0	/89DH
554	555.0	Bryan Reynolds#\reynobr01	26.0	PIT	NL	19	79	67	15	21	4	0	2	9	0	1	11	17	0.313	0.418	0.46299999999999997	0.88	145.0	31	1	1	0	0	0	*7/8H
555	556.0	JT Riddle*\riddljt01	29.0	MIN	AL	4	6	6	1	2	0	0	0	0	0	0	0	0	0.33299999999999996	0.33299999999999996	0.33299999999999996	0.667	96.0	2	0	0	0	0	0	/6DH
556	557.0	Austin Riley\rileyau01	24.0	ATL	NL	18	64	52	9	13	0	0	1	2	0	0	7	13	0.25	0.375	0.308	0.6829999999999999	85.0	16	1	4	0	1	1	*5/H
557	558.0	Edwin Rios*\riosed01	27.0	LAD	NL	15	39	32	3	4	0	0	1	1	0	0	6	8	0.125	0.282	0.21899999999999997	0.501	44.0	7	1	1	0	0	0	/H35D9
558	559.0	Anthony Rizzo*\rizzoan01	31.0	CHC	NL	18	74	61	10	14	2	1	3	5	2	0	12	11	0.23	0.35100000000000003	0.44299999999999995	0.794	121.0	27	1	0	0	1	0	*3
559	560.0	Luis Robert\roberlu01	23.0	CHW	AL	18	77	71	7	22	8	1	1	6	3	0	5	18	0.31	0.35100000000000003	0.493	0.8440000000000001	140.0	35	0	0	0	1	0	*8
560	561.0	Daniel Robertson\roberda10	27.0	MIL	NL	16	39	36	2	4	1	0	0	0	0	0	3	12	0.111	0.179	0.139	0.318	-11.0	5	1	0	0	0	0	/456H
561	562.0	Hansel Robles\robleha01	30.0	MIN	AL	2	0	0	0	0	0	0	0	0	0	0	0	0						0	0	0	0	0	0	/1
562	563.0	Victor Robles\roblevi01	24.0	WSN	NL	16	60	49	4	10	0	1	0	1	1	1	8	14	0.204	0.35	0.245	0.595	70.0	12	0	3	0	0	0	*8/H
563	564.0	Richard Rodriguez\rodriri05	31.0	PIT	NL	6	0	0	0	0	0	0	0	0	0	0	0	0						0	0	0	0	0	0	/1
564	565.0	Chaz Roe\roech01	34.0	TBR	AL	1	0	0	0	0	0	0	0	0	0	0	0	0						0	0	0	0	0	0	/1
565	566.0	Taylor Rogers*\rogerta01	30.0	MIN	AL	2	0	0	0	0	0	0	0	0	0	0	0	0						0	0	0	0	0	0	/1
566	567.0	Trevor Rogers*\rogertr01	23.0	MIA	NL	4	8	6	0	0	0	0	0	0	0	0	0	4	0.0	0.0	0.0	0.0	-100.0	0	0	0	2	0	0	/1
567	568.0	Tyler Rogers\rogerty01	30.0	SFG	NL	10	0	0	0	0	0	0	0	0	0	0	0	0						0	0	0	0	0	0	*1
568	569.0	Jose Rojas*\rojasjo02	28.0	LAA	AL	10	27	25	1	3	2	0	0	0	0	0	2	10	0.12	0.185	0.2	0.385	9.0	5	0	0	0	0	0	/5H79
569	570.0	Josh Rojas*\rojasjo01	27.0	ARI	NL	17	50	41	6	6	0	0	1	2	1	0	9	13	0.146	0.3	0.22	0.52	47.0	9	0	0	0	0	0	/6H749
570	571.0	Miguel Rojas\rojasmi02	32.0	MIA	NL	17	70	60	9	18	5	1	0	6	3	1	8	5	0.3	0.4	0.41700000000000004	0.8170000000000001	128.0	25	1	2	0	0	0	*6/H
571	572.0	Sal Romano*\romansa01	27.0	CIN	NL	8	1	1	0	0	0	0	0	0	0	0	0	0	0.0	0.0	0.0	0.0	-100.0	0	0	0	0	0	0	/1
572	573.0	JoJo Romero*\romerjo01	24.0	PHI	NL	5	0	0	0	0	0	0	0	0	0	0	0	0						0	0	0	0	0	0	/1
573	574.0	Austin Romine\rominau01	32.0	CHC	NL	4	5	5	0	0	0	0	0	0	0	0	0	1	0.0	0.0	0.0	0.0	-100.0	0	0	0	0	0	0	/2H
574	575.0	Sergio Romo\romose01	38.0	OAK	AL	1	0	0	0	0	0	0	0	0	0	0	0	0						0	0	0	0	0	0	/1
575	576.0	Brent Rooker\rookebr01	26.0	MIN	AL	6	22	21	0	2	1	0	0	1	0	0	1	11	0.095	0.136	0.14300000000000002	0.27899999999999997	-18.0	3	0	0	0	0	0	/79H
576	577.0	Amed Rosario\rosaram01	25.0	CLE	AL	16	50	44	7	8	1	0	1	2	0	0	6	9	0.182	0.28	0.273	0.5529999999999999	57.0	12	2	0	0	0	0	/86H
577	578.0	Eddie Rosario*\rosared01	29.0	CLE	AL	17	68	62	8	14	2	1	2	9	4	0	5	13	0.226	0.27899999999999997	0.387	0.667	85.0	24	1	0	0	1	0	*7
578	579.0	Joe Ross\rossjo01	28.0	WSN	NL	3	6	6	1	2	0	0	0	0	0	0	0	4	0.33299999999999996	0.33299999999999996	0.33299999999999996	0.667	87.0	2	0	0	0	0	0	/1
579	580.0	Ramon Rosso\rossora01	25.0	PHI	NL	1	0	0	0	0	0	0	0	0	0	0	0	0						0	0	0	0	0	0	/1
580	581.0	Darin Ruf\rufda01	34.0	SFG	NL	14	26	23	6	5	1	0	3	7	1	0	3	6	0.217	0.308	0.652	0.96	165.0	15	3	0	0	0	0	/H73D
581	582.0	Rio Ruiz*\ruizri01	27.0	BAL	AL	16	55	50	7	8	2	0	2	5	2	0	5	18	0.16	0.23600000000000002	0.32	0.556	57.0	16	1	0	0	0	0	*4/5HD
582	583.0	Aaron Sanchez\sanchaa01	28.0	SFG	NL	4	6	6	0	0	0	0	0	0	0	0	0	4	0.0	0.0	0.0	0.0	-100.0	0	0	0	0	0	0	/1
583	584.0	Gary Sanchez\sanchga02	28.0	NYY	AL	14	53	45	6	9	1	0	2	4	0	0	7	12	0.2	0.321	0.35600000000000004	0.6759999999999999	97.0	16	0	1	0	0	0	*2/D
584	585.0	Pablo Sandoval#\sandopa01	34.0	ATL	NL	15	20	16	5	5	0	0	3	7	0	0	4	6	0.313	0.45	0.875	1.325	242.0	14	0	0	0	0	0	*H/D35
585	586.0	Miguel Sano\sanomi01	28.0	MIN	AL	15	58	45	6	5	0	0	2	4	0	0	13	20	0.111	0.31	0.244	0.555	65.0	11	1	0	0	0	0	*3/5DH
586	587.0	Carlos Santana#\santaca01	35.0	KCR	AL	17	72	60	8	15	4	0	4	14	0	0	11	11	0.25	0.361	0.517	0.878	143.0	31	0	0	0	1	1	*3
587	588.0	Dennis Santana\santade01	25.0	LAD	NL	4	0	0	0	0	0	0	0	0	0	0	0	0						0	0	0	0	0	0	/1
588	589.0	Anthony Santander#\santaan02	26.0	BAL	AL	16	62	56	5	11	1	0	2	8	0	0	2	17	0.196	0.23	0.321	0.551	55.0	18	0	1	1	2	0	*9/D
589	590.0	Gregory Santos\santogr01	21.0	SFG	NL	1	0	0	0	0	0	0	0	0	0	0	0	0						0	0	0	0	0	0	/1
590	591.0	Scott Schebler*\schebsc01	30.0	LAA	AL	4	10	10	1	2	1	0	0	0	0	0	0	6	0.2	0.2	0.3	0.5	39.0	3	0	0	0	0	0	/98H
591	592.0	Max Scherzer\scherma01	36.0	WSN	NL	4	8	7	0	0	0	0	0	0	0	0	0	2	0.0	0.0	0.0	0.0	-100.0	0	0	0	1	0	0	/1
592	593.0	Jonathan Schoop\schoojo01	29.0	DET	AL	17	64	59	7	12	0	0	1	4	0	0	3	18	0.203	0.23399999999999999	0.254	0.489	40.0	15	1	0	0	2	0	3/4
593	594.0	Max Schrock*\schroma01	26.0	CIN	NL	5	9	9	1	1	0	0	0	0	0	0	0	5	0.111	0.111	0.111	0.222	-41.0	1	0	0	0	0	0	/5H4
594	595.0	Kyle Schwarber*\schwaky01	28.0	WSN	NL	10	42	40	3	8	3	0	1	2	0	0	2	14	0.2	0.23800000000000002	0.35	0.588	62.0	14	0	0	0	0	1	7
595	596.0	Tanner Scott\scottta01	26.0	BAL	AL	1	0	0	0	0	0	0	0	0	0	0	0	0						0	0	0	0	0	0	/1
596	597.0	Corey Seager*\seageco01	27.0	LAD	NL	18	82	71	11	19	6	0	3	13	0	0	11	13	0.268	0.366	0.479	0.845	136.0	34	2	0	0	0	1	*6
597	598.0	Kyle Seager*\seageky01	33.0	SEA	AL	19	79	71	4	15	4	0	2	12	1	0	5	18	0.21100000000000002	0.278	0.35200000000000004	0.631	84.0	25	0	2	0	1	0	*5/D
598	599.0	Jean Segura\segurje01	31.0	PHI	NL	17	64	60	7	20	4	0	1	5	1	0	3	10	0.33299999999999996	0.359	0.45	0.809	125.0	27	4	0	0	1	1	*4
599	600.0	Marcus Semien\semiema01	30.0	TOR	AL	18	82	73	8	14	0	0	4	7	4	0	8	22	0.192	0.268	0.35600000000000004	0.624	76.0	26	0	0	0	1	0	*4/6D
600	601.0	Antonio Senzatela\senzaan01	26.0	COL	NL	4	6	5	0	0	0	0	0	0	0	0	0	3	0.0	0.0	0.0	0.0	-100.0	0	0	0	1	0	0	/1
601	602.0	Nick Senzel\senzeni01	26.0	CIN	NL	18	54	48	10	10	2	0	0	2	1	2	6	9	0.20800000000000002	0.29600000000000004	0.25	0.546	46.0	12	0	0	0	0	0	*8/H5
602	603.0	Pedro Severino\severpe01	27.0	BAL	AL	13	45	43	3	10	1	0	1	1	0	0	2	12	0.233	0.267	0.326	0.5920000000000001	68.0	14	0	0	0	0	0	*2/H
603	604.0	Bryan Shaw#\shawbr01	33.0	CLE	AL	1	0	0	0	0	0	0	0	0	0	0	0	0						0	0	0	0	0	0	/1
604	605.0	Travis Shaw*\shawtr01	31.0	MIL	NL	17	67	62	7	14	3	0	3	15	0	0	4	20	0.226	0.284	0.419	0.703	90.0	26	1	1	0	0	0	*5/3H
605	606.0	Jordan Sheffield\sheffjo01	26.0	COL	NL	4	0	0	0	0	0	0	0	0	0	0	0	0						0	0	0	0	0	0	/1
606	607.0	Ryan Sherriff*\sherrry01	31.0	TBR	AL	1	0	0	0	0	0	0	0	0	0	0	0	0						0	0	0	0	0	0	/1
607	608.0	Zack Short\shortza01	26.0	DET	AL	1	3	1	0	0	0	0	0	0	0	0	2	0	0.0	0.667	0.0	0.667	114.0	0	0	0	0	0	0	/5
608	609.0	Magneuris Sierra*\sierrma01	25.0	MIA	NL	13	9	9	3	1	0	0	0	0	1	0	0	3	0.111	0.111	0.111	0.222	-38.0	1	0	0	0	0	0	H/79
609	610.0	Andrelton Simmons\simmoan01	31.0	MIN	AL	10	38	31	6	11	3	0	0	3	0	0	6	6	0.355	0.474	0.452	0.925	173.0	14	3	1	0	0	0	6/H
610	611.0	Lucas Sims\simslu01	27.0	CIN	NL	8	0	0	0	0	0	0	0	0	0	0	0	0						0	0	0	0	0	0	/1
611	612.0	Chance Sisco*\siscoch01	26.0	BAL	AL	8	24	23	1	3	0	0	0	1	0	0	0	10	0.13	0.16699999999999998	0.13	0.297	-13.0	3	0	1	0	0	0	/2DH
612	613.0	Austin Slater\slateau01	28.0	SFG	NL	17	62	55	5	13	2	1	2	6	2	0	7	22	0.23600000000000002	0.32299999999999995	0.418	0.741	110.0	23	0	0	0	0	0	*87/H9
613	614.0	Aaron Slegers\slegeaa01	28.0	LAA	AL	1	0	0	0	0	0	0	0	0	0	0	0	0						0	0	0	0	0	0	/1
614	615.0	Caleb Smith\smithca03	29.0	ARI	NL	7	1	1	0	0	0	0	0	0	0	0	0	1	0.0	0.0	0.0	0.0	-100.0	0	0	0	0	0	0	/1
615	616.0	Dominic Smith*\smithdo02	26.0	NYM	NL	13	51	48	3	12	2	0	2	6	0	0	2	14	0.25	0.275	0.41700000000000004	0.691	92.0	20	2	0	0	1	0	*7/H
616	617.0	Joe Smith\smithjo05	37.0	HOU	AL	1	0	0	0	0	0	0	0	0	0	0	0	0						0	0	0	0	0	0	/1
617	618.0	Pavin Smith*\smithpa04	25.0	ARI	NL	16	58	54	8	14	4	0	1	6	0	0	4	11	0.259	0.31	0.389	0.6990000000000001	92.0	21	3	0	0	0	0	*/938H7
618	619.0	Riley Smith\smithri01	26.0	ARI	NL	4	5	5	0	0	0	0	0	0	0	0	0	3	0.0	0.0	0.0	0.0	-100.0	0	0	0	0	0	0	/1
619	620.0	Will Smith\smithwi04	31.0	ATL	NL	8	0	0	0	0	0	0	0	0	0	0	0	0						0	0	0	0	0	0	/1
620	621.0	Will Smith\smithwi05	26.0	LAD	NL	14	58	44	9	9	4	0	2	4	0	0	10	11	0.205	0.379	0.43200000000000005	0.8109999999999999	128.0	19	3	3	0	1	1	*2/D
621	622.0	Drew Smyly*\smylydr01	32.0	ATL	NL	2	4	3	0	0	0	0	0	0	0	0	0	3	0.0	0.0	0.0	0.0	-100.0	0	0	0	1	0	0	/1
622	623.0	Blake Snell*\snellbl01	28.0	SDP	NL	4	3	3	0	1	0	0	0	0	0	0	0	2	0.33299999999999996	0.33299999999999996	0.33299999999999996	0.667	92.0	1	0	0	0	0	0	/1
623	624.0	Eric Sogard*\sogarer01	35.0	CHC	NL	17	33	30	4	6	1	1	0	4	1	0	2	5	0.2	0.242	0.3	0.542	51.0	9	0	0	0	1	1	/4H56
624	625.0	Nick Solak\solakni01	26.0	TEX	AL	19	79	68	13	19	1	0	4	9	2	1	6	22	0.27899999999999997	0.38	0.47100000000000003	0.85	139.0	32	2	5	0	0	0	*4/D
625	626.0	Donovan Solano\solando01	33.0	SFG	NL	17	54	50	5	15	4	0	0	3	1	0	2	11	0.3	0.33299999999999996	0.38	0.713	103.0	19	1	1	0	1	0	*4/H
626	627.0	Jorge Soler\solerjo01	29.0	KCR	AL	17	66	53	6	11	3	0	2	6	0	0	8	23	0.20800000000000002	0.32799999999999996	0.377	0.705	98.0	20	0	2	0	1	0	*D/9
627	628.0	Peter Solomon\solompe01	24.0	HOU	AL	1	0	0	0	0	0	0	0	0	0	0	0	0						0	0	0	0	0	0	/1
628	629.0	Joakim Soria\soriajo01	37.0	ARI	NL	1	0	0	0	0	0	0	0	0	0	0	0	0						0	0	0	0	0	0	/1
629	630.0	Edmundo Sosa\sosaed01	25.0	STL	NL	6	7	5	0	1	0	0	0	0	0	0	0	1	0.2	0.429	0.2	0.629	86.0	1	1	2	0	0	0	/45H68
630	631.0	Gregory Soto*\sotogr01	26.0	DET	AL	1	0	0	0	0	0	0	0	0	0	0	0	0						0	0	0	0	0	0	/1
631	632.0	Juan Soto*\sotoju01	22.0	WSN	NL	14	61	50	11	15	2	0	2	8	1	2	10	7	0.3	0.41	0.46	0.87	143.0	23	1	0	0	1	2	*9
632	633.0	Jeffrey Springs*\sprinje01	28.0	TBR	AL	1	0	0	0	0	0	0	0	0	0	0	0	0						0	0	0	0	0	0	/1
633	634.0	Jacob Stallings\stallja01	31.0	PIT	NL	16	58	48	4	10	4	0	0	7	0	0	10	14	0.20800000000000002	0.345	0.292	0.636	80.0	14	0	0	0	0	0	*2/H
634	635.0	Craig Stammen\stammcr01	37.0	SDP	NL	7	3	2	0	1	0	0	0	0	0	0	0	1	0.5	0.5	0.5	1.0	189.0	1	0	0	1	0	0	/1
635	636.0	Ryne Stanek\stanery01	29.0	HOU	AL	1	0	0	0	0	0	0	0	0	0	0	0	0						0	0	0	0	0	0	/1
636	637.0	Giancarlo Stanton\stantmi03	31.0	NYY	AL	15	63	57	5	9	1	0	3	12	0	0	6	21	0.158	0.23800000000000002	0.33299999999999996	0.5710000000000001	64.0	19	2	0	0	0	1	*D
637	638.0	Cody Stashak\stashco01	27.0	MIN	AL	2	0	0	0	0	0	0	0	0	0	0	0	0						0	0	0	0	0	0	/1
638	639.0	Max Stassi\stassma01	30.0	LAA	AL	7	19	16	3	6	0	0	1	1	0	0	3	3	0.375	0.474	0.563	1.036	191.0	9	1	0	0	0	0	/2
639	640.0	Justin Steele*\steelju01	25.0	CHC	NL	3	0	0	0	0	0	0	0	0	0	0	0	0						0	0	0	0	0	0	/1
640	641.0	Trevor Stephan\stephtr01	25.0	CLE	AL	1	0	0	0	0	0	0	0	0	0	0	0	0						0	0	0	0	0	0	/1
641	642.0	Robert Stephenson\stephro01	28.0	COL	NL	9	0	0	0	0	0	0	0	0	0	0	0	0						0	0	0	0	0	0	/1
642	643.0	Tyler Stephenson\stephty01	24.0	CIN	NL	11	30	27	8	10	1	0	1	5	0	0	2	8	0.37	0.433	0.519	0.9520000000000001	150.0	14	2	1	0	0	0	/2H
643	644.0	Andrew Stevenson*\stevean01	27.0	WSN	NL	15	36	32	5	7	1	0	1	4	0	0	3	9	0.21899999999999997	0.278	0.344	0.622	73.0	11	1	0	0	1	0	/H798
644	645.0	DJ Stewart*\stewadj01	27.0	BAL	AL	10	38	32	6	8	2	0	1	5	0	0	6	9	0.25	0.368	0.406	0.775	122.0	13	0	0	0	0	0	/7DH
645	646.0	Trevor Story\storytr01	28.0	COL	NL	18	71	66	6	18	5	1	0	7	1	2	4	15	0.273	0.31	0.379	0.6890000000000001	80.0	25	0	0	0	1	1	*6/H
646	647.0	Stephen Strasburg\strasst01	32.0	WSN	NL	2	3	3	0	1	1	0	0	0	0	0	0	0	0.33299999999999996	0.33299999999999996	0.667	1.0	171.0	2	0	0	0	0	0	/1
647	648.0	Chris Stratton\stratch01	30.0	PIT	NL	8	0	0	0	0	0	0	0	0	0	0	0	0						0	0	0	0	0	0	/1
648	649.0	Myles Straw\strawmy01	26.0	HOU	AL	17	65	59	5	12	0	1	0	7	3	1	5	10	0.203	0.262	0.237	0.499	44.0	14	2	0	0	1	0	*8
649	650.0	Marcus Stroman\stromma01	30.0	NYM	NL	3	8	7	0	0	0	0	0	0	0	0	1	3	0.0	0.125	0.0	0.125	-61.0	0	0	0	0	0	0	/1
650	651.0	Pedro Strop\stroppe01	36.0	CHC	NL	2	0	0	0	0	0	0	0	0	0	0	0	0						0	0	0	0	0	0	/1
651	652.0	Garrett Stubbs*\stubbga01	28.0	HOU	AL	1	0	0	0	0	0	0	0	0	0	0	0	0						0	0	0	0	0	0	/H
652	653.0	Eugenio Suarez\suareeu01	29.0	CIN	NL	17	78	65	13	11	4	0	3	7	0	0	10	28	0.16899999999999998	0.295	0.369	0.664	74.0	24	1	2	0	1	0	*6
653	654.0	Wander Suero\suerowa01	29.0	WSN	NL	8	0	0	0	0	0	0	0	0	0	0	0	0						0	0	0	0	0	0	/1
654	655.0	Cole Sulser\sulseco01	31.0	BAL	AL	1	0	0	0	0	0	0	0	0	0	0	0	0						0	0	0	0	0	0	/1
655	656.0	Brent Suter*\suterbr01	31.0	MIL	NL	8	3	3	0	0	0	0	0	0	0	0	0	3	0.0	0.0	0.0	0.0	-100.0	0	0	0	0	0	0	/1
656	657.0	Kurt Suzuki\suzukku01	37.0	LAA	AL	10	36	30	2	7	1	0	1	4	0	0	3	10	0.233	0.314	0.36700000000000005	0.6809999999999999	92.0	11	3	1	1	1	0	2/H
657	658.0	Dansby Swanson\swansda01	27.0	ATL	NL	18	75	67	3	12	4	0	1	4	0	1	6	24	0.179	0.267	0.284	0.55	47.0	19	3	2	0	0	0	*6
658	659.0	Anthony Swarzak\swarzan01	35.0	ARI	NL	6	0	0	0	0	0	0	0	0	0	0	0	0						0	0	0	0	0	0	/1
659	660.0	Raimel Tapia*\tapiara01	27.0	COL	NL	17	66	59	4	16	1	0	2	6	1	2	6	7	0.271	0.33299999999999996	0.39	0.723	90.0	23	0	0	0	1	0	*7/H
660	661.0	Dillon Tate\tatedi01	27.0	BAL	AL	1	0	0	0	0	0	0	0	0	0	0	0	0						0	0	0	0	0	0	/1
661	662.0	Fernando Tatis Jr.\tatisfe02	22.0	SDP	NL	12	49	43	7	7	1	0	2	3	2	1	6	16	0.163	0.265	0.326	0.591	69.0	14	1	0	0	0	0	6/H
662	663.0	Mike Tauchman*\tauchmi01	30.0	NYY	AL	8	11	10	1	2	0	0	0	0	2	0	0	3	0.2	0.2	0.2	0.4	17.0	2	0	0	1	0	0	/7H8D9
663	664.0	Leody Taveras#\taverle01	22.0	TEX	AL	14	47	43	2	4	0	0	0	1	2	0	3	21	0.09300000000000001	0.17	0.09300000000000001	0.263	-22.0	4	1	1	0	0	0	*8/H
664	665.0	Chris Taylor\tayloch03	30.0	LAD	NL	16	67	54	12	12	3	0	3	9	2	0	10	19	0.222	0.373	0.444	0.818	130.0	24	0	3	0	0	0	*8/4796
665	666.0	Michael A. Taylor\taylomi02	30.0	KCR	AL	17	61	55	8	15	1	0	2	6	2	0	6	14	0.273	0.344	0.4	0.7440000000000001	109.0	22	1	0	0	0	0	*8
666	667.0	Tyrone Taylor\tayloty01	27.0	MIL	NL	6	8	7	1	3	1	0	1	2	1	0	1	3	0.429	0.5	1.0	1.5	299.0	7	0	0	0	0	0	/H79
667	668.0	Anderson Tejeda#\tejedan01	23.0	TEX	AL	5	17	16	1	1	0	0	0	0	1	0	1	10	0.063	0.11800000000000001	0.063	0.18	-47.0	1	0	0	0	0	0	/54
668	669.0	Rowdy Tellez*\tellero01	26.0	TOR	AL	15	51	49	3	8	0	0	1	2	0	0	1	13	0.163	0.196	0.22399999999999998	0.42100000000000004	19.0	11	1	1	0	0	0	/D3H
669	670.0	Ryan Tepera\teperry01	33.0	CHC	NL	8	0	0	0	0	0	0	0	0	0	0	0	0						0	0	0	0	0	0	/1
670	671.0	Lane Thomas\thomala02	25.0	STL	NL	4	10	9	0	2	0	0	0	0	0	0	1	3	0.222	0.3	0.222	0.522	51.0	2	0	0	0	0	0	/8H
671	672.0	Ryan Thompson\thompry02	29.0	TBR	AL	2	0	0	0	0	0	0	0	0	0	0	0	0						0	0	0	0	0	0	/1
672	673.0	Ka'ai Tom*\tomka01	27.0	OAK	AL	9	16	16	1	1	0	0	0	1	0	0	0	6	0.063	0.063	0.063	0.125	-63.0	1	0	0	0	0	0	/H9D71
673	674.0	Josh Tomlin\tomlijo01	36.0	ATL	NL	7	0	0	0	0	0	0	0	0	0	0	0	0						0	0	0	0	0	0	/1
674	675.0	Abraham Toro#\toroab01	24.0	HOU	AL	5	11	10	0	1	0	0	0	0	0	0	1	0	0.1	0.182	0.1	0.282	-17.0	1	1	0	0	0	0	/H5
675	676.0	Luis Torrens\torrelu01	25.0	SEA	AL	16	50	47	3	9	2	0	0	1	0	0	3	12	0.191	0.24	0.23399999999999999	0.474	40.0	11	2	0	0	0	0	2/DH
676	677.0	Gleyber Torres\torregl01	24.0	NYY	AL	17	73	64	5	14	2	0	0	2	1	0	9	16	0.21899999999999997	0.315	0.25	0.565	68.0	16	1	0	0	0	0	*6
677	678.0	Ronald Torreyes\torrero01	28.0	PHI	NL	3	5	5	0	1	0	0	0	0	0	0	0	3	0.2	0.2	0.2	0.4	12.0	1	0	0	0	0	0	/64H
678	679.0	Taylor Trammell*\trammta01	23.0	SEA	AL	17	63	54	8	9	2	0	3	9	1	2	8	26	0.16699999999999998	0.27399999999999997	0.37	0.645	87.0	20	0	0	1	0	0	*8/7
679	680.0	Blake Treinen\treinbl01	33.0	LAD	NL	7	0	0	0	0	0	0	0	0	0	0	0	0						0	0	0	0	0	0	/1
680	681.0	Alan Trejo\trejoal01	25.0	COL	NL	5	8	7	0	1	0	0	0	0	0	0	1	1	0.14300000000000002	0.25	0.14300000000000002	0.39299999999999996	7.0	1	1	0	0	0	1	/H6
681	682.0	Jose Trevino\trevijo01	28.0	TEX	AL	13	53	51	4	15	2	0	0	1	0	0	1	13	0.294	0.302	0.33299999999999996	0.635	80.0	17	2	0	0	1	0	*2
682	683.0	Lou Trivino\trivilo01	29.0	OAK	AL	2	0	0	0	0	0	0	0	0	0	0	0	0						0	0	0	0	0	0	1
683	684.0	Mike Trout\troutmi01	29.0	LAA	AL	17	71	56	15	22	5	0	6	12	0	0	14	20	0.39299999999999996	0.521	0.804	1.325	267.0	45	0	1	0	0	3	*8
684	685.0	Yoshi Tsutsugo*\tsutsyo01	29.0	TBR	AL	15	57	52	4	9	2	0	0	5	0	0	4	18	0.17300000000000001	0.23199999999999998	0.212	0.444	33.0	11	0	0	1	0	0	/3DH
685	686.0	Kyle Tucker*\tuckeky01	24.0	HOU	AL	18	76	70	8	12	3	0	4	11	1	0	2	12	0.171	0.2	0.386	0.586	61.0	27	2	1	0	2	0	*9
686	687.0	Justin Turner\turneju01	36.0	LAD	NL	17	76	66	14	25	7	0	5	16	0	0	8	15	0.379	0.447	0.7120000000000001	1.159	220.0	47	1	1	0	1	0	*5/D
687	688.0	Trea Turner\turnetr01	28.0	WSN	NL	16	67	63	7	19	3	0	4	8	5	0	3	15	0.302	0.34299999999999997	0.54	0.883	142.0	34	3	1	0	0	0	*6
688	689.0	Duane Underwood Jr.\underdu01	26.0	PIT	NL	6	0	0	0	0	0	0	0	0	0	0	0	0						0	0	0	0	0	0	/1
689	690.0	Justin Upton\uptonju01	33.0	LAA	AL	15	62	54	10	13	2	0	4	11	0	0	6	19	0.24100000000000002	0.32299999999999995	0.5	0.823	128.0	27	2	1	0	1	0	*7
690	691.0	Julio Urias*\uriasju01	24.0	LAD	NL	3	7	6	1	1	0	0	0	0	0	0	0	2	0.16699999999999998	0.16699999999999998	0.16699999999999998	0.33299999999999996	-6.0	1	0	0	1	0	0	/1
691	692.0	Luis Urias\uriaslu01	24.0	MIL	NL	15	52	40	5	7	3	0	2	8	1	0	12	13	0.175	0.365	0.4	0.765	110.0	16	1	0	0	0	2	*6/H
692	693.0	Ramon Urias\uriasra01	27.0	BAL	AL	11	23	22	2	5	1	0	1	3	0	0	1	8	0.22699999999999998	0.261	0.409	0.67	88.0	9	0	0	0	0	0	/4H6
693	694.0	Jose Urquidy\urquijo01	26.0	HOU	AL	1	2	2	0	0	0	0	0	0	0	0	0	2	0.0	0.0	0.0	0.0	-100.0	0	0	0	0	0	0	/1
694	695.0	Gio Urshela\urshegi01	29.0	NYY	AL	16	61	58	6	16	4	0	2	7	1	0	3	13	0.276	0.311	0.44799999999999995	0.76	118.0	26	2	0	0	0	0	*5/6
695	696.0	Pat Valaika\valaipa01	28.0	BAL	AL	4	10	9	1	1	0	0	0	0	0	0	1	2	0.111	0.2	0.111	0.311	-8.0	1	0	0	0	0	0	/4H37
696	697.0	Cesar Valdez\valdece01	36.0	BAL	AL	1	0	0	0	0	0	0	0	0	0	0	0	0						0	0	0	0	0	0	/1
697	698.0	Josh VanMeter*\vanmejo01	26.0	ARI	NL	18	36	30	3	7	1	1	1	4	0	0	6	10	0.233	0.361	0.433	0.794	118.0	13	1	0	0	0	0	H/49
698	699.0	Ildemaro Vargas#\vargail01	29.0	CHC	NL	2	2	2	0	0	0	0	0	0	0	0	0	0	0.0	0.0	0.0	0.0	-100.0	0	0	0	0	0	0	/4H
699	700.0	Andrew Vaughn\vaughan01	23.0	CHW	AL	11	39	32	4	6	3	0	0	1	0	0	6	12	0.188	0.33299999999999996	0.281	0.615	80.0	9	0	1	0	0	0	7/3
700	701.0	Christian Vazquez\vazquch01	30.0	BOS	AL	17	67	62	11	16	3	0	2	5	2	0	5	10	0.258	0.313	0.40299999999999997	0.7170000000000001	100.0	25	4	0	0	0	0	*2/DH
701	702.0	Vince Velasquez\velasvi01	29.0	PHI	NL	3	1	1	0	0	0	0	0	0	0	0	0	1	0.0	0.0	0.0	0.0	-100.0	0	0	0	0	0	0	/1
702	703.0	Alex Verdugo*\verdual01	25.0	BOS	AL	19	80	71	14	21	5	1	3	13	2	0	5	13	0.29600000000000004	0.35	0.521	0.871	141.0	37	2	2	0	2	1	*/879
703	704.0	Jonathan Villar#\villajo01	30.0	NYM	NL	13	29	27	4	7	3	1	0	3	0	0	1	9	0.259	0.31	0.444	0.755	111.0	12	0	1	0	0	0	/H546
704	705.0	Daniel Vogelbach*\vogelda01	28.0	MIL	NL	16	36	32	7	7	0	0	2	4	0	0	4	11	0.21899999999999997	0.306	0.406	0.7120000000000001	94.0	13	0	0	0	0	0	/H3
705	706.0	Stephen Vogt*\vogtst01	36.0	ARI	NL	11	32	29	5	5	0	0	2	6	0	0	3	8	0.172	0.25	0.379	0.629	71.0	11	0	0	0	0	0	/2H
706	707.0	Austin Voth\vothau01	29.0	WSN	NL	4	0	0	0	0	0	0	0	0	0	0	0	0						0	0	0	0	0	0	/1
707	708.0	Joey Votto*\vottojo01	37.0	CIN	NL	18	79	73	8	18	3	0	4	11	0	0	6	13	0.247	0.304	0.452	0.7559999999999999	96.0	33	0	0	0	0	0	*3
708	709.0	LaMonte Wade Jr*\wadela01	27.0	SFG	NL	3	7	6	0	2	1	0	0	0	0	0	1	2	0.33299999999999996	0.429	0.5	0.929	165.0	3	0	0	0	0	0	/87H9
709	710.0	Tyler Wade*\wadety01	26.0	NYY	AL	6	3	3	2	1	0	0	0	0	0	0	0	1	0.33299999999999996	0.33299999999999996	0.33299999999999996	0.667	95.0	1	0	0	0	0	0	/4HD6
710	711.0	Adam Wainwright\wainwad01	39.0	STL	NL	4	5	5	0	0	0	0	0	0	0	0	0	4	0.0	0.0	0.0	0.0	-100.0	0	0	0	0	0	0	/1
711	712.0	Christian Walker\walkech02	30.0	ARI	NL	10	44	39	6	7	1	0	1	3	0	0	4	10	0.179	0.25	0.282	0.532	47.0	11	1	0	0	1	0	3
712	713.0	Taijuan Walker\walketa01	28.0	NYM	NL	3	5	5	0	0	0	0	0	0	0	0	0	1	0.0	0.0	0.0	0.0	-100.0	0	1	0	0	0	0	/1
713	714.0	Chad Wallach\wallach01	29.0	MIA	NL	10	30	28	2	6	1	0	0	3	0	0	1	13	0.214	0.233	0.25	0.483	35.0	7	0	0	0	1	0	/2H
714	715.0	Jared Walsh*\walshja01	27.0	LAA	AL	16	63	56	10	18	2	1	4	13	0	0	5	12	0.321	0.397	0.607	1.004	178.0	34	0	2	0	0	0	/39H
715	716.0	Ryan Weathers\weathry01	21.0	SDP	NL	4	4	4	0	0	0	0	0	0	0	0	0	1	0.0	0.0	0.0	0.0	-100.0	0	0	0	0	0	0	/1
716	717.0	Luke Weaver\weavelu01	27.0	ARI	NL	3	6	6	0	2	0	0	0	1	0	0	0	4	0.33299999999999996	0.33299999999999996	0.33299999999999996	0.667	85.0	2	0	0	0	0	0	/1
717	718.0	Jacob Webb\webbja01	27.0	ATL	NL	4	0	0	0	0	0	0	0	0	0	0	0	0						0	0	0	0	0	0	/1
718	719.0	Logan Webb\webblo01	24.0	SFG	NL	3	2	1	0	0	0	0	0	0	0	0	0	1	0.0	0.0	0.0	0.0	-100.0	0	0	0	1	0	0	/1
719	720.0	Tyler Webb*\webbty01	30.0	STL	NL	9	0	0	0	0	0	0	0	0	0	0	0	0						0	0	0	0	0	0	/1
720	721.0	Jordan Weems*\weemsjo01	28.0	OAK	AL	1	0	0	0	0	0	0	0	0	0	0	0	0						0	0	0	0	0	0	/1
721	722.0	J.B. Wendelken\wendejb01	28.0	OAK	AL	1	0	0	0	0	0	0	0	0	0	0	0	0						0	0	0	0	0	0	1
722	723.0	Joey Wendle*\wendljo01	31.0	TBR	AL	17	67	63	16	23	7	0	3	15	0	0	1	12	0.365	0.38799999999999996	0.619	1.0070000000000001	192.0	39	4	2	0	1	0	*5/6H
723	724.0	Zack Wheeler*\wheelza01	31.0	PHI	NL	4	9	9	1	2	1	0	0	2	0	0	0	6	0.222	0.222	0.33299999999999996	0.556	53.0	3	0	0	0	0	0	/1
724	725.0	Eli White\whiteel04	27.0	TEX	AL	12	44	39	3	6	0	1	0	3	0	2	5	14	0.154	0.25	0.205	0.455	31.0	8	0	0	0	0	0	/78D9
725	726.0	Evan White\whiteev01	25.0	SEA	AL	16	51	47	6	8	2	0	1	5	0	0	3	15	0.17	0.235	0.27699999999999997	0.512	50.0	13	0	1	0	0	0	*3
726	727.0	Kodi Whitley\whitlko01	26.0	STL	NL	2	0	0	0	0	0	0	0	0	0	0	0	0						0	0	0	0	0	0	/1
727	728.0	Taylor Widener*\widenta01	26.0	ARI	NL	4	8	7	1	0	0	0	0	0	0	0	1	5	0.0	0.125	0.0	0.125	-61.0	0	0	0	0	0	0	/1
728	729.0	Brad Wieck*\wieckbr01	29.0	CHC	NL	1	0	0	0	0	0	0	0	0	0	0	0	0						0	0	0	0	0	0	/1
729	730.0	Devin Williams\willide03	26.0	MIL	NL	6	0	0	0	0	0	0	0	0	0	0	0	0						0	0	0	0	0	0	/1
730	731.0	Justin Williams*\williju02	25.0	STL	NL	18	52	45	4	10	0	0	2	6	0	1	7	16	0.222	0.327	0.35600000000000004	0.682	93.0	16	1	0	0	0	3	*9/7H
731	732.0	Nick Williams*\willini01	27.0	CHW	AL	4	13	10	2	0	0	0	0	0	0	0	1	4	0.0	0.231	0.0	0.231	-25.0	0	1	2	0	0	0	/7DH
732	733.0	Taylor Williams#\willita01	29.0	SDP	NL	4	0	0	0	0	0	0	0	0	0	0	0	0						0	0	0	0	0	0	/1
733	734.0	Trevor Williams\willitr01	29.0	CHC	NL	4	7	6	1	1	0	0	0	0	0	0	1	4	0.16699999999999998	0.28600000000000003	0.16699999999999998	0.452	31.0	1	0	0	0	0	0	/1
734	735.0	Bryse Wilson\wilsobr02	23.0	ATL	NL	1	4	4	0	0	0	0	0	0	0	0	0	1	0.0	0.0	0.0	0.0	-100.0	0	0	0	0	0	0	/1
735	736.0	Cody Wilson\wilsoco01	24.0	WSN	NL	1	1	1	0	0	0	0	0	0	0	0	0	0	0.0	0.0	0.0	0.0	-100.0	0	0	0	0	0	0	/H
736	737.0	Jesse Winker*\winkeje01	27.0	CIN	NL	13	56	51	11	19	4	1	3	9	0	0	5	11	0.373	0.429	0.667	1.095	184.0	34	0	0	0	0	0	*7/9H
737	738.0	Dan Winkler\winklda01	31.0	CHC	NL	8	0	0	0	0	0	0	0	0	0	0	0	0						0	0	0	0	0	0	/1
738	739.0	Matt Wisler\wislema01	28.0	SFG	NL	8	0	0	0	0	0	0	0	0	0	0	0	0						0	0	0	0	0	0	1
739	740.0	Nick Wittgren\wittgni01	30.0	CLE	AL	1	0	0	0	0	0	0	0	0	0	0	0	0						0	0	0	0	0	0	/1
740	741.0	Tony Wolters*\wolteto01	29.0	CHC	NL	3	5	4	0	0	0	0	0	0	0	0	1	1	0.0	0.2	0.0	0.2	-37.0	0	1	0	0	0	0	/2H
741	742.0	Kolten Wong*\wongko01	30.0	MIL	NL	7	26	19	2	2	0	0	0	0	1	0	5	6	0.105	0.34600000000000003	0.105	0.451	32.0	2	0	2	0	0	0	/4
742	743.0	Alex Wood\woodal02	30.0	SFG	NL	1	2	2	0	0	0	0	0	0	0	0	0	1	0.0	0.0	0.0	0.0	-100.0	0	0	0	0	0	0	/1
743	744.0	Jake Woodford\woodfja01	24.0	STL	NL	2	1	1	0	0	0	0	0	0	0	0	0	1	0.0	0.0	0.0	0.0	-100.0	0	0	0	0	0	0	/1
744	745.0	Brandon Woodruff*\woodrbr01	28.0	MIL	NL	4	8	7	0	0	0	0	0	0	0	0	0	5	0.0	0.0	0.0	0.0	-100.0	0	0	0	1	0	0	/1
745	746.0	Brandon Workman\workmbr01	32.0	CHC	NL	7	0	0	0	0	0	0	0	0	0	0	0	0						0	0	0	0	0	0	/1
746	747.0	Kyle Wright\wrighky01	25.0	ATL	NL	1	2	2	1	1	1	0	0	0	0	0	0	0	0.5	0.5	1.0	1.5	286.0	2	0	0	0	0	0	/1
747	748.0	Ryan Yarbrough\yarbrry01	29.0	TBR	AL	1	2	2	0	0	0	0	0	0	0	0	0	0	0.0	0.0	0.0	0.0	-100.0	0	0	0	0	0	0	/1
748	749.0	Eric Yardley\yardler01	30.0	MIL	NL	7	0	0	0	0	0	0	0	0	0	0	0	0						0	0	0	0	0	0	/1
749	750.0	Mike Yastrzemski*\yastrmi01	30.0	SFG	NL	19	78	70	7	13	5	1	2	3	1	0	8	24	0.18600000000000003	0.26899999999999996	0.371	0.6409999999999999	81.0	26	1	0	0	0	1	*9/H
750	751.0	Christian Yelich*\yelicch01	29.0	MIL	NL	9	37	30	8	10	1	0	0	1	2	0	6	12	0.33299999999999996	0.45899999999999996	0.36700000000000005	0.826	131.0	11	0	1	0	0	0	/7
751	752.0	Huascar Ynoa\ynoahu01	23.0	ATL	NL	4	5	5	0	0	0	0	0	0	0	0	0	3	0.0	0.0	0.0	0.0	-100.0	0	0	0	0	0	0	/1
752	753.0	Alex Young*\youngal01	27.0	ARI	NL	8	0	0	0	0	0	0	0	0	0	0	0	0						0	0	0	0	0	0	/1
753	754.0	Andrew Young\youngan02	27.0	ARI	NL	6	9	4	3	2	0	0	2	5	0	0	2	1	0.5	0.778	2.0	2.778	633.0	8	0	3	0	0	0	/H47
754	755.0	Ryan Zimmerman\zimmery01	36.0	WSN	NL	12	34	33	4	10	1	0	2	3	0	0	1	8	0.303	0.324	0.515	0.8390000000000001	130.0	17	0	0	0	0	0	/3H
755	756.0	Bruce Zimmermann*\zimmebr02	26.0	BAL	AL	1	2	2	0	0	0	0	0	0	0	0	0	2	0.0	0.0	0.0	0.0	-100.0	0	0	0	0	0	0	/1
756	757.0	Mike Zunino\zuninmi01	30.0	TBR	AL	12	43	38	9	7	2	0	3	8	0	0	4	14	0.184	0.27899999999999997	0.474	0.753	118.0	18	0	1	0	0	0	*2
757		LgAvg per 600 PA				203	600	530	70	124	24	2	18	66	8	2	55	147	0.233	0.312	0.391	0.703		207	11	8	2	4	2	
