	Rk	Name	Age	Tm	Lg	W	L	W-L%	ERA	G	GS	GF	CG	SHO	SV	IP	H	R	ER	HR	BB	IBB	SO	HBP	BK	WP	BF	ERA+	FIP	WHIP	H9	HR9	BB9	SO9	SO/W
0	1.0	Albert Abreu\abreual01	25.0	NYY	AL	0	0		4.5	2	0	2	0	0	0	2.0	0	1	1	0	2	0	3	0	0	1	8	105.0	3.1	1.0	0.0	0.0	9.0	13.5	1.5
1	2.0	Bryan Abreu\abreubr01	24.0	HOU	AL	1	1	0.5	5.91	7	0	0	0	0	0	10.2	10	7	7	2	5	0	8	1	0	1	46	73.0	5.72	1.406	8.4	1.7	4.2	6.8	1.6
2	3.0	Jason Adam\adamja01	29.0	CHC	NL	0	0		2.7	7	0	1	0	0	0	6.2	4	2	2	1	4	0	10	2	0	0	29	149.0	4.75	1.2	5.4	1.4	5.4	13.5	2.5
3	4.0	Austin Adams\adamsau02	30.0	SDP	NL	0	0		8.44	7	0	1	0	0	0	5.1	6	5	5	0	3	0	11	4	0	0	29	46.0	2.91	1.6880000000000002	10.1	0.0	5.1	18.6	3.67
4	5.0	Hanser Alberto\alberha01	28.0	KCR	AL	0	0		0.0	1	0	1	0	0	0	0.1	0	0	0	0	0	0	0	0	0	0	1		3.1	0.0	0.0	0.0	0.0	0.0	
5	6.0	Jorge Alcala\alcaljo01	25.0	MIN	AL	0	0		4.76	6	0	3	0	0	0	5.2	3	3	3	2	1	0	4	0	0	0	20	88.0	6.8	0.706	4.8	3.2	1.6	6.4	4.0
6	7.0	Sandy Alcantara\alcansa01	25.0	MIA	NL	0	1	0.0	3.28	4	4	0	0	0	0	24.2	16	10	9	1	7	1	28	3	0	1	100	123.0	2.57	0.932	5.8	0.4	2.6	10.2	4.0
7	8.0	Scott Alexander*\alexasc02	31.0	LAD	NL	0	1	0.0	2.45	8	0	6	0	0	0	7.1	4	3	2	1	0	0	3	0	0	1	27	158.0	4.05	0.545	4.9	1.2	0.0	3.7	
8	9.0	Tyler Alexander*\alexaty01	26.0	DET	AL	0	0		8.53	4	0	3	0	0	0	6.1	9	6	6	3	3	0	6	0	0	0	31	53.0	8.78	1.895	12.8	4.3	4.3	8.5	2.0
9	10.0	Kolby Allard*\allarko01	23.0	TEX	AL	0	0		1.8	3	0	2	0	0	0	5.0	2	1	1	1	0	0	9	0	0	0	18	257.0	2.1	0.4	3.6	1.8	0.0	16.2	
10	11.0	Logan Allen*\allenlo01	24.0	CLE	AL	1	2	0.33299999999999996	4.5	3	3	0	0	0	0	12.0	10	8	6	1	5	0	10	2	0	1	52	98.0	4.26	1.25	7.5	0.8	3.8	7.5	2.0
11	12.0	Yency Almonte\almonye01	27.0	COL	NL	0	1	0.0	7.88	9	0	0	0	0	0	8.0	9	7	7	2	4	0	8	1	0	1	36	60.0	6.22	1.625	10.1	2.3	4.5	9.0	2.0
12	13.0	Dan Altavilla\altavda01	28.0	SDP	NL	0	0		6.75	2	0	1	0	0	0	1.1	1	1	1	1	0	0	2	0	0	0	5	70.0	9.85	0.75	6.8	6.8	0.0	13.5	
13	14.0	Jose Alvarado*\alvarjo03	26.0	PHI	NL	2	0	1.0	1.59	6	0	1	0	0	1	5.2	4	1	1	0	2	0	10	2	0	0	26	260.0	1.68	1.0590000000000002	6.4	0.0	3.2	15.9	5.0
14	15.0	Jose Alvarez*\alvarjo02	32.0	SFG	NL	1	1	0.5	2.84	8	0	3	0	0	0	6.1	5	3	2	0	6	0	8	0	0	0	30	139.0	3.41	1.7369999999999999	7.1	0.0	8.5	11.4	1.33
15	16.0	Adbert Alzolay\alzolad01	26.0	CHC	NL	0	2	0.0	6.1	2	2	0	0	0	0	10.1	7	7	7	2	3	0	10	0	0	0	39	64.0	4.55	0.968	6.1	1.7	2.6	8.7	3.33
16	17.0	Brett Anderson*\anderbr04	33.0	MIL	NL	2	1	0.667	2.65	3	3	0	0	0	0	17.0	15	6	5	3	4	0	8	0	0	0	69	155.0	5.15	1.1179999999999999	7.9	1.6	2.1	4.2	2.0
17	18.0	Chase Anderson\anderch01	33.0	PHI	NL	0	2	0.0	4.15	3	3	0	0	0	0	13.0	10	6	6	3	5	0	11	2	0	0	56	96.0	6.02	1.1540000000000001	6.9	2.1	3.5	7.6	2.2
18	19.0	Ian Anderson\anderia01	23.0	ATL	NL	1	0	1.0	3.27	4	4	0	0	0	0	22.0	19	8	8	3	11	0	23	0	0	0	94	132.0	4.28	1.364	7.8	1.2	4.5	9.4	2.09
19	20.0	Tyler Anderson*\anderty01	31.0	PIT	NL	2	2	0.5	3.92	4	4	0	0	0	0	20.2	22	9	9	3	6	0	21	0	0	0	87	102.0	3.82	1.355	9.6	1.3	2.6	9.1	3.5
20	21.0	Matt Andriese\andrima01	31.0	BOS	AL	0	0		1.54	8	0	1	0	0	1	11.2	11	4	2	0	3	0	10	1	0	0	49	291.0	2.41	1.2	8.5	0.0	2.3	7.7	3.33
21	22.0	Tejay Antone\antonte01	27.0	CIN	NL	0	0		0.84	6	0	0	0	0	0	10.2	4	1	1	1	4	0	17	1	0	1	40	535.0	2.53	0.75	3.4	0.8	3.4	14.3	4.25
22	23.0	Chris Archer\archech01	32.0	TBR	AL	0	1	0.0	6.23	2	1	0	0	0	0	4.1	7	4	3	0	1	0	6	0	0	0	21	67.0	1.02	1.8459999999999999	14.5	0.0	2.1	12.5	6.0
23	24.0	Kohei Arihara\arihako01	28.0	TEX	AL	2	1	0.667	2.21	4	4	0	0	0	0	20.1	16	6	5	1	3	0	13	1	0	1	76	198.0	3.05	0.934	7.1	0.4	1.3	5.8	4.33
24	25.0	Shawn Armstrong\armstsh01	30.0	BAL	AL	0	0		18.0	7	0	2	0	0	0	4.0	9	9	8	2	5	0	2	1	0	0	28	26.0	13.1	3.5	20.3	4.5	11.3	4.5	0.4
25	26.0	Jake Arrieta\arrieja01	35.0	CHC	NL	3	1	0.75	2.86	4	4	0	0	0	0	22.0	20	7	7	2	8	1	18	1	0	1	93	135.0	3.87	1.273	8.2	0.8	3.3	7.4	2.25
26	27.0	Willians Astudillo\astudwi01	29.0	MIN	AL	0	0		0.0	1	0	1	0	0	0	1.0	0	0	0	0	0	0	0	0	0	0	3		3.1	0.0	0.0	0.0	0.0	0.0	
27	28.0	Luis Avilan*\avilalu01	31.0	WSN	NL	0	1	0.0	12.6	4	0	0	0	0	0	5.0	7	7	7	1	3	0	4	1	0	0	27	33.0	6.5	2.0	12.6	1.8	5.4	7.2	1.33
28	29.0	Caleb Baragar*\baragca01	27.0	SFG	NL	2	0	1.0	0.0	7	0	0	0	0	0	4.1	4	1	0	0	2	0	6	1	0	0	19		2.4	1.385	8.3	0.0	4.2	12.5	3.0
29	30.0	Daniel Bard\bardda01	36.0	COL	NL	0	1	0.0	4.7	8	0	7	0	0	2	7.2	11	5	4	1	3	0	11	1	0	0	38	101.0	3.49	1.8259999999999998	12.9	1.2	3.5	12.9	3.67
30	31.0	Scott Barlow\barlosc01	28.0	KCR	AL	1	0	1.0	2.92	9	0	2	0	0	1	12.1	12	4	4	0	4	0	14	0	0	0	53	156.0	1.8	1.297	8.8	0.0	2.9	10.2	3.5
31	32.0	Jacob Barnes\barneja01	31.0	NYM	NL	0	0		11.25	3	0	0	0	0	0	4.0	5	5	5	2	1	0	3	0	0	0	19	37.0	8.85	1.5	11.3	4.5	2.3	6.8	3.0
32	33.0	Matt Barnes\barnema01	31.0	BOS	AL	1	0	1.0	0.9	9	0	5	0	0	3	10.0	3	1	1	0	2	0	17	0	0	1	35	501.0	0.3	0.5	2.7	0.0	1.8	15.3	8.5
33	34.0	Jaime Barria\barrija01	24.0	LAA	AL	0	0		31.5	1	0	0	0	0	0	2.0	6	7	7	0	4	0	0	0	0	0	15	16.0	9.1	5.0	27.0	0.0	18.0	0.0	0.0
34	35.0	Anthony Bass\bassan01	33.0	MIA	NL	1	2	0.33299999999999996	8.1	8	0	3	0	0	0	6.2	8	6	6	2	2	1	6	2	0	0	31	52.0	7.0	1.5	10.8	2.7	2.7	8.1	3.0
35	36.0	Chris Bassitt\bassich01	32.0	OAK	AL	1	2	0.33299999999999996	4.43	4	4	0	0	0	0	22.1	20	11	11	2	10	0	19	2	0	0	97	87.0	4.17	1.3430000000000002	8.1	0.8	4.0	7.7	1.9
36	37.0	Trevor Bauer\bauertr01	30.0	LAD	NL	2	0	1.0	2.42	4	4	0	0	0	0	26.0	10	7	7	4	6	0	36	2	0	1	96	154.0	3.25	0.615	3.5	1.4	2.1	12.5	6.0
37	38.0	Eduard Bazardo\bazared01	25.0	BOS	AL	0	0		0.0	1	0	1	0	0	0	1.0	0	0	0	0	2	0	1	0	0	0	5		7.1	2.0	0.0	0.0	18.0	9.0	0.5
38	39.0	David Bednar\bednada01	26.0	PIT	NL	0	0		2.7	9	0	4	0	0	0	6.2	5	2	2	2	3	0	6	0	0	0	28	154.0	6.55	1.2	6.8	2.7	4.1	8.1	2.0
39	40.0	Cam Bedrosian\bedroca01	29.0	CIN	NL	0	0		11.12	6	0	2	0	0	0	5.2	10	7	7	2	6	0	7	0	0	0	33	42.0	8.39	2.824	15.9	3.2	9.5	11.1	1.17
40	41.0	Wes Benjamin*\benjawe01	27.0	TEX	AL	0	1	0.0	4.76	3	0	0	0	0	0	5.2	4	3	3	1	6	0	5	0	0	0	25	96.0	6.8	1.765	6.4	1.6	9.5	7.9	0.83
41	42.0	Jose Berrios\berrijo01	27.0	MIN	AL	2	2	0.5	3.0	4	4	0	0	0	0	21.0	13	7	7	1	7	0	30	2	0	1	79	132.0	2.14	0.9520000000000001	5.6	0.4	3.0	12.9	4.29
42	43.0	Dellin Betances\betande01	33.0	NYM	NL	0	0		9.0	1	0	0	0	0	0	1.0	0	1	1	0	1	0	1	1	0	0	5	59.0	7.1	1.0	0.0	0.0	9.0	9.0	1.0
43	44.0	Jesse Biddle*\biddlje01	29.0	ATL	NL	0	0		108.0	1	0	0	0	0	0	0.1	2	4	4	1	1	0	1	1	0	1	5	8.0	54.1	9.0	54.0	27.0	27.0	27.0	1.0
44	45.0	Shane Bieber\biebesh01	26.0	CLE	AL	2	1	0.667	2.45	4	4	0	0	0	0	29.1	17	8	8	3	10	0	48	1	0	3	117	176.0	2.28	0.92	5.2	0.9	3.1	14.7	4.8
45	46.0	Brandon Bielak\bielabr01	25.0	HOU	AL	1	0	1.0	3.6	4	0	1	0	0	0	10.0	7	4	4	0	4	0	9	0	0	1	41	121.0	2.5	1.1	6.3	0.0	3.6	8.1	2.25
46	47.0	Richard Bleier*\bleieri01	34.0	MIA	NL	1	0	1.0	5.4	9	0	2	0	0	0	8.1	7	5	5	4	0	0	5	0	0	0	31	77.0	8.14	0.84	7.6	4.3	0.0	5.4	
47	48.0	Ryan Borucki*\borucry01	27.0	TOR	AL	2	1	0.667	2.7	7	0	0	0	0	0	6.2	4	3	2	1	2	0	7	0	0	0	25	165.0	3.85	0.9	5.4	1.4	2.7	9.5	3.5
48	49.0	Ben Bowden*\bowdebe01	26.0	COL	NL	0	2	0.0	15.75	5	0	2	0	0	0	4.0	7	8	7	1	2	0	4	0	0	0	22	31.0	5.85	2.25	15.8	2.3	4.5	9.0	2.0
49	50.0	Brad Boxberger\boxbebr01	33.0	MIL	NL	0	0		3.0	7	0	2	0	0	1	6.0	3	2	2	1	2	0	8	1	0	0	24	142.0	4.1	0.833	4.5	1.5	3.0	12.0	4.0
50	51.0	Matthew Boyd*\boydma01	30.0	DET	AL	2	1	0.667	2.03	4	4	0	0	0	0	26.2	20	6	6	1	6	0	19	3	0	2	105	216.0	3.17	0.975	6.8	0.3	2.0	6.4	3.17
51	52.0	Archie Bradley\bradlar01	28.0	PHI	NL	0	1	0.0	6.0	4	0	0	0	0	0	3.0	4	2	2	0	1	0	3	0	0	1	14	73.0	2.1	1.6669999999999998	12.0	0.0	3.0	9.0	3.0
52	53.0	Jake Brentz*\brentja01	26.0	KCR	AL	0	0		3.0	9	0	1	0	0	0	6.0	4	3	2	0	3	0	5	0	0	1	26	157.0	2.93	1.167	6.0	0.0	4.5	7.5	1.67
53	54.0	Austin Brice\briceau01	29.0	BOS	AL	0	0		4.76	6	0	0	0	0	0	5.2	6	3	3	1	3	0	3	0	0	0	24	97.0	5.92	1.588	9.5	1.6	4.8	4.8	1.0
54	55.0	Connor Brogdon\brogdco01	26.0	PHI	NL	3	1	0.75	7.36	7	0	1	0	0	0	7.1	8	6	6	2	3	0	7	1	0	0	32	55.0	6.37	1.5	9.8	2.5	3.7	8.6	2.33
55	56.0	Rex Brothers*\brothre01	33.0	CHC	NL	0	0		4.5	8	0	0	0	0	0	8.0	6	4	4	1	3	0	12	0	0	0	32	88.0	2.85	1.125	6.8	1.1	3.4	13.5	4.0
56	57.0	JT Brubaker\brubajt01	27.0	PIT	NL	2	0	1.0	1.76	3	3	0	0	0	0	15.1	11	3	3	1	5	0	18	5	1	0	66	229.0	3.55	1.043	6.5	0.6	2.9	10.6	3.6
57	58.0	Walker Buehler\buehlwa01	26.0	LAD	NL	1	0	1.0	2.16	4	4	0	0	0	0	25.0	21	6	6	3	1	0	21	0	0	0	95	172.0	3.1	0.88	7.6	1.1	0.4	7.6	21.0
58	59.0	J.B. Bukauskas\bukaujb01	24.0	ARI	NL	1	0	1.0	0.0	2	0	0	0	0	0	1.0	0	0	0	0	1	0	1	0	0	0	4		4.1	1.0	0.0	0.0	9.0	9.0	1.0
59	60.0	Madison Bumgarner*\bumgama01	31.0	ARI	NL	1	2	0.33299999999999996	8.68	4	4	0	0	0	0	18.2	24	18	18	4	9	1	20	4	0	0	91	47.0	5.83	1.768	11.6	1.9	4.3	9.6	2.22
60	61.0	Aaron Bummer*\bummeaa01	27.0	CHW	AL	0	1	0.0	3.38	7	0	0	0	0	0	5.1	6	4	2	0	6	0	8	1	0	0	29	130.0	4.03	2.25	10.1	0.0	10.1	13.5	1.33
61	62.0	Dylan Bundy\bundydy01	28.0	LAA	AL	0	2	0.0	4.5	4	4	0	0	0	0	24.0	22	13	12	4	7	0	28	0	0	1	101	98.0	3.8	1.208	8.3	1.5	2.6	10.5	4.0
62	63.0	Zack Burdi\burdiza01	26.0	CHW	AL	0	0		3.0	1	0	0	0	0	0	3.0	3	2	1	1	1	0	3	0	0	0	13	154.0	6.43	1.3330000000000002	9.0	3.0	3.0	9.0	3.0
63	64.0	Corbin Burnes\burneco01	26.0	MIL	NL	2	1	0.667	0.37	4	4	0	0	0	0	24.1	8	1	1	1	0	0	40	3	0	0	85	1104.0	0.71	0.32899999999999996	3.0	0.4	0.0	14.8	
64	65.0	Matt Bush\bushma01	35.0	TEX	AL	0	0		9.0	3	0	1	0	0	0	3.0	4	3	3	3	1	0	4	0	0	0	14	54.0	14.43	1.6669999999999998	12.0	9.0	3.0	12.0	4.0
65	66.0	Genesis Cabrera*\cabrege01	24.0	STL	NL	0	0		3.12	8	0	1	0	0	0	8.2	5	4	3	1	4	0	10	0	0	1	36	125.0	3.67	1.038	5.2	1.0	4.2	10.4	2.5
66	67.0	Trevor Cahill\cahiltr01	33.0	PIT	NL	0	2	0.0	9.69	3	3	0	0	0	0	13.0	20	15	14	2	3	0	17	0	0	1	61	42.0	3.17	1.7690000000000001	13.8	1.4	2.1	11.8	5.67
67	68.0	Paul Campbell\campbpa02	25.0	MIA	NL	0	0		7.71	3	0	0	0	0	0	4.2	6	6	4	0	4	0	4	1	0	1	26	56.0	4.6	2.1430000000000002	11.6	0.0	7.7	7.7	1.0
68	69.0	Griffin Canning\cannigr01	25.0	LAA	AL	1	1	0.5	5.68	3	2	0	0	0	0	12.2	11	8	8	4	3	0	14	0	0	0	52	79.0	5.7	1.105	7.8	2.8	2.1	9.9	4.67
69	70.0	Daniel Castano*\castada01	26.0	MIA	NL	0	1	0.0	3.6	2	2	0	0	0	0	10.0	8	4	4	0	4	0	2	0	0	0	40	115.0	3.9	1.2	7.2	0.0	3.6	1.8	0.5
70	71.0	Diego Castillo\castidi01	27.0	TBR	AL	0	1	0.0	2.79	9	0	5	0	0	4	9.2	6	3	3	1	4	1	13	0	0	1	39	142.0	2.99	1.034	5.6	0.9	3.7	12.1	3.25
71	72.0	Luis Castillo\castilu02	28.0	CIN	NL	1	1	0.5	6.05	4	4	0	0	0	0	19.1	26	17	13	3	6	1	16	2	0	1	90	74.0	4.7	1.655	12.1	1.4	2.8	7.4	2.67
72	73.0	Anthony Castro\castran02	26.0	TOR	AL	0	0		0.0	4	0	2	0	0	1	5.0	3	0	0	0	0	0	4	0	0	0	18		1.5	0.6	5.4	0.0	0.0	7.2	
73	74.0	Harold Castro\castrha01	27.0	DET	AL	0	0		0.0	1	0	1	0	0	0	1.0	0	0	0	0	1	0	0	0	0	0	4		6.1	1.0	0.0	0.0	9.0	0.0	0.0
74	75.0	Miguel Castro\castrmi01	26.0	NYM	NL	0	0		3.0	6	0	0	0	0	0	6.0	6	2	2	0	2	0	9	0	0	1	25	135.0	1.1	1.3330000000000002	9.0	0.0	3.0	13.5	4.5
75	76.0	Dylan Cease\ceasedy01	25.0	CHW	AL	0	0		3.86	3	3	0	0	0	0	14.0	15	6	6	1	9	0	15	0	1	0	63	109.0	3.81	1.714	9.6	0.6	5.8	9.6	1.67
76	77.0	Luis Cessa\cessalu01	29.0	NYY	AL	0	0		0.93	7	0	3	0	0	0	9.2	5	5	1	0	6	1	13	0	0	0	41	441.0	2.27	1.138	4.7	0.0	5.6	12.1	2.17
77	78.0	Jhoulys Chacin\chacijh01	33.0	COL	NL	0	0		3.6	3	0	0	0	0	0	5.0	6	2	2	0	3	0	4	0	0	0	24	134.0	3.3	1.8	10.8	0.0	5.4	7.2	1.33
78	79.0	Andrew Chafin*\chafian01	31.0	CHC	NL	0	0		3.24	9	0	0	0	0	0	8.1	6	3	3	0	3	1	12	2	0	1	36	122.0	2.02	1.08	6.5	0.0	3.2	13.0	4.0
79	80.0	Aroldis Chapman*\chapmar01	33.0	NYY	AL	1	0	1.0	0.0	6	0	4	0	0	3	6.0	2	0	0	0	3	0	16	0	0	0	23		-0.74	0.833	3.0	0.0	4.5	24.0	5.33
80	81.0	Tyler Chatwood\chatwty01	31.0	TOR	AL	0	0		0.0	3	0	0	0	0	0	2.2	4	0	0	0	1	0	3	0	0	0	12		1.97	1.875	13.5	0.0	3.4	10.1	3.0
81	82.0	Adam Cimber\cimbead01	30.0	MIA	NL	0	0		2.35	8	0	2	0	0	0	7.2	6	2	2	0	4	1	5	2	0	0	33	178.0	4.14	1.304	7.0	0.0	4.7	5.9	1.25
82	83.0	Steve Cishek\cishest01	35.0	LAA	AL	0	0		3.18	7	0	0	0	0	0	5.2	6	3	2	0	3	0	5	0	1	2	26	146.0	2.92	1.588	9.5	0.0	4.8	7.9	1.67
83	84.0	Jose Cisnero\cisnejo01	32.0	DET	AL	0	1	0.0	6.75	8	0	1	0	0	0	6.2	7	6	5	2	3	0	9	0	0	0	30	67.0	5.65	1.5	9.5	2.7	4.1	12.2	3.0
84	85.0	Aaron Civale\civalaa01	26.0	CLE	AL	3	0	1.0	2.42	4	4	0	0	0	0	26.0	14	8	7	3	9	0	22	1	1	0	97	179.0	4.06	0.885	4.8	1.0	3.1	7.6	2.44
85	86.0	Taylor Clarke\clarkta01	28.0	ARI	NL	1	0	1.0	6.35	8	0	3	0	0	0	11.1	14	9	8	3	2	0	11	0	0	0	50	65.0	5.12	1.412	11.1	2.4	1.6	8.7	5.5
86	87.0	Emmanuel Clase\claseem01	23.0	CLE	AL	1	1	0.5	0.0	8	0	6	0	0	4	7.1	7	3	0	0	2	0	10	0	0	0	33		1.19	1.227	8.6	0.0	2.5	12.3	5.0
87	88.0	Alex Claudio*\claudal01	29.0	LAA	AL	0	0		5.4	7	0	3	0	0	0	6.2	9	4	4	0	2	0	7	0	0	0	31	85.0	1.9	1.65	12.2	0.0	2.7	9.5	3.5
88	89.0	Sam Clay*\claysa01	28.0	WSN	NL	0	0		6.0	6	0	1	0	0	0	6.0	4	4	4	1	2	1	6	1	0	0	25	69.0	4.76	1.0	6.0	1.5	3.0	9.0	3.0
89	90.0	Alex Cobb\cobbal01	33.0	LAA	AL	1	1	0.5	6.28	3	3	0	0	0	0	14.1	18	11	10	1	5	0	21	2	0	0	68	71.0	2.54	1.605	11.3	0.6	3.1	13.2	4.2
90	91.0	Kyle Cody\codyky01	26.0	TEX	AL	0	1	0.0	7.56	6	0	1	0	0	0	8.1	12	8	7	2	2	0	10	3	0	1	42	60.0	5.62	1.68	13.0	2.2	2.2	10.8	5.0
91	92.0	Gerrit Cole\colege01	30.0	NYY	AL	2	1	0.667	1.82	4	4	0	0	0	0	24.2	17	6	5	1	3	0	39	1	0	2	95	220.0	0.95	0.8109999999999999	6.2	0.4	1.1	14.2	13.0
92	93.0	Alex Colome\colomal01	32.0	MIN	AL	1	2	0.33299999999999996	5.63	7	0	4	0	0	2	8.0	11	11	5	1	2	0	8	2	0	0	40	73.0	4.22	1.625	12.4	1.1	2.3	9.0	4.0
93	94.0	Sam Coonrod\coonrsa01	28.0	PHI	NL	0	0		1.13	7	0	1	0	0	0	8.0	2	1	1	1	1	0	9	0	0	1	28	360.0	2.85	0.375	2.3	1.1	1.1	10.1	9.0
94	95.0	Patrick Corbin*\corbipa01	31.0	WSN	NL	0	2	0.0	10.95	3	3	0	0	0	0	12.1	16	16	15	4	7	0	11	2	0	0	61	36.0	7.72	1.865	11.7	2.9	5.1	8.0	1.57
95	96.0	Stefan Crichton\crichst01	29.0	ARI	NL	0	0		5.63	10	0	4	0	0	2	8.0	11	6	5	0	4	0	7	0	0	1	36	74.0	2.85	1.875	12.4	0.0	4.5	7.9	1.75
96	97.0	Kyle Crick\crickky01	28.0	PIT	NL	0	0		0.0	7	0	0	0	0	0	7.1	1	0	0	0	4	0	6	1	0	2	26		3.5	0.682	1.2	0.0	4.9	7.4	1.5
97	98.0	Nabil Crismatt\crismna01	26.0	SDP	NL	1	1	0.5	3.12	4	0	0	0	0	0	8.2	12	4	3	0	3	1	9	1	0	2	41	121.0	2.4	1.7309999999999999	12.5	0.0	3.1	9.3	3.0
98	99.0	Garrett Crochet*\crochga01	22.0	CHW	AL	0	2	0.0	1.5	7	0	1	0	0	0	6.0	6	4	1	0	4	1	7	0	0	1	31	291.0	2.76	1.6669999999999998	9.0	0.0	6.0	10.5	1.75
99	100.0	Jake Cronenworth\croneja01	27.0	SDP	NL	0	0		0.0	1	0	1	0	0	0	0.2	1	0	0	0	0	0	1	0	0	0	3		0.1	1.5	13.5	0.0	0.0	13.5	
100	101.0	Wil Crowe\crowewi01	26.0	PIT	NL	0	0		13.5	1	0	0	0	0	0	0.2	1	1	1	0	2	0	2	0	0	2	5	46.0	6.1	4.5	13.5	0.0	27.0	27.0	1.0
101	102.0	Johnny Cueto\cuetojo01	35.0	SFG	NL	2	0	1.0	1.8	3	3	0	0	0	0	20.0	13	4	4	0	4	0	18	0	0	0	74	210.0	1.9	0.85	5.9	0.0	1.8	8.1	4.5
102	103.0	John Curtiss\curtijo02	28.0	MIA	NL	2	0	1.0	2.08	8	0	2	0	0	0	8.2	7	2	2	2	0	0	9	0	0	0	32	200.0	4.02	0.8079999999999999	7.3	2.1	0.0	9.3	
103	104.0	Yu Darvish\darviyu01	34.0	SDP	NL	1	1	0.5	2.55	4	4	0	0	0	0	24.2	15	7	7	3	5	0	28	1	0	1	94	143.0	3.14	0.8109999999999999	5.5	1.1	1.8	10.2	5.6
104	105.0	Zach Davies\davieza02	28.0	CHC	NL	1	2	0.33299999999999996	8.8	4	4	0	0	0	0	15.1	21	15	15	2	11	0	10	0	0	0	78	44.0	5.64	2.0869999999999997	12.3	1.2	6.5	5.9	0.91
105	106.0	Wade Davis\daviswa01	35.0	KCR	AL	0	0		5.4	7	0	5	0	0	1	6.2	7	4	4	1	1	0	7	0	0	1	27	87.0	3.4	1.2	9.5	1.4	1.4	9.5	7.0
106	107.0	Grant Dayton*\daytogr01	33.0	ATL	NL	0	0		5.79	4	0	1	0	0	0	4.2	2	3	3	1	1	0	4	0	0	0	17	79.0	4.81	0.643	3.9	1.9	1.9	7.7	4.0
107	108.0	Brett de Geus\degeubr01	23.0	TEX	AL	0	0		6.0	7	0	4	0	0	0	9.0	5	6	6	1	4	0	7	3	0	0	36	75.0	5.32	1.0	5.0	1.0	4.0	7.0	1.75
108	109.0	Jose De Leon\deleojo03	28.0	CIN	NL	0	1	0.0	7.5	5	2	1	0	0	0	12.0	13	10	10	4	8	0	25	1	0	3	59	60.0	5.51	1.75	9.8	3.0	6.0	18.8	3.13
109	110.0	Jacob deGrom\degroja01	33.0	NYM	NL	1	1	0.5	0.45	3	3	0	0	0	0	20.0	11	4	1	2	3	0	35	0	0	0	72	858.0	1.35	0.7	5.0	0.9	1.4	15.8	11.67
110	111.0	Anthony DeSclafani\desclan01	31.0	SFG	NL	1	0	1.0	2.14	4	4	0	0	0	0	21.0	19	5	5	2	6	0	21	0	0	2	89	176.0	3.19	1.19	8.1	0.9	2.6	9.0	3.5
111	112.0	Ross Detwiler*\detwiro01	35.0	MIA	NL	0	0		1.35	8	0	1	0	0	0	6.2	4	1	1	0	3	0	8	1	0	0	28	312.0	2.5	1.05	5.4	0.0	4.1	10.8	2.67
112	113.0	Chris Devenski\devench02	30.0	ARI	NL	0	0		9.0	2	0	1	0	0	1	2.0	2	2	2	2	0	0	1	0	0	0	8	53.0	15.1	1.0	9.0	9.0	0.0	4.5	
113	114.0	Edwin Diaz\diazed04	27.0	NYM	NL	1	1	0.5	2.57	7	0	5	0	0	2	7.0	6	3	2	0	3	1	9	1	0	0	29	156.0	2.24	1.286	7.7	0.0	3.9	11.6	3.0
114	115.0	Jake Diekman*\diekmja01	34.0	OAK	AL	0	0		3.24	8	0	2	0	0	1	8.1	7	4	3	0	3	1	11	1	0	0	36	122.0	1.9	1.2	7.6	0.0	3.2	11.9	3.67
115	116.0	Randy Dobnak\dobnara01	26.0	MIN	AL	0	3	0.0	10.61	5	0	2	0	0	1	9.1	14	12	11	2	2	0	5	0	0	0	44	38.0	5.45	1.714	13.5	1.9	1.9	4.8	2.5
116	117.0	Rafael Dolis\dolisra01	33.0	TOR	AL	1	0	1.0	4.5	9	0	5	0	0	0	8.0	3	4	4	1	7	0	10	2	0	0	35	98.0	5.6	1.25	3.4	1.1	7.9	11.3	1.43
117	118.0	Sean Doolittle*\doolise01	34.0	CIN	NL	2	0	1.0	4.7	9	0	3	0	0	0	7.2	7	4	4	1	6	1	12	0	0	0	35	97.0	4.01	1.696	8.2	1.2	7.0	14.1	2.0
118	119.0	Camilo Doval\dovalca01	23.0	SFG	NL	0	0		3.0	3	0	0	0	0	0	3.0	2	1	1	1	1	0	4	0	0	0	12	141.0	5.76	1.0	6.0	3.0	3.0	12.0	4.0
119	120.0	Tyler Duffey\duffety01	30.0	MIN	AL	0	0		3.6	6	0	0	0	0	0	5.0	4	2	2	0	6	0	4	0	0	1	23	117.0	5.1	2.0	7.2	0.0	10.8	7.2	0.67
120	121.0	Danny Duffy*\duffyda01	32.0	KCR	AL	2	1	0.667	0.5	3	3	0	0	0	0	18.0	14	3	1	1	6	0	19	0	0	0	73	905.0	2.71	1.111	7.0	0.5	3.0	9.5	3.17
121	122.0	Justin Dunn\dunnju01	25.0	SEA	AL	1	0	1.0	3.68	3	3	0	0	0	0	14.2	9	6	6	2	11	0	14	2	0	0	65	110.0	5.62	1.364	5.5	1.2	6.8	8.6	1.27
122	123.0	Dane Dunning\dunnida01	26.0	TEX	AL	1	0	1.0	0.6	3	3	0	0	0	0	15.0	10	1	1	1	2	0	16	0	0	2	58	736.0	2.23	0.8	6.0	0.6	1.2	9.6	8.0
123	124.0	Zach Eflin\eflinza01	27.0	PHI	NL	1	0	1.0	2.77	4	4	0	0	0	0	26.0	24	8	8	3	2	1	19	0	0	1	99	142.0	3.36	1.0	8.3	1.0	0.7	6.6	9.5
124	125.0	Nathan Eovaldi\eovalna01	31.0	BOS	AL	3	1	0.75	3.04	4	4	0	0	0	0	23.2	21	8	8	0	4	0	24	1	0	1	94	145.0	1.7	1.056	8.0	0.0	1.5	9.1	6.0
125	126.0	Paolo Espino\espinpa01	34.0	WSN	NL	0	1	0.0	4.15	1	1	0	0	0	0	4.1	5	2	2	2	1	0	3	0	0	0	18	101.0	8.4	1.385	10.4	4.2	2.1	6.2	3.0
126	127.0	Carlos Estevez\estevca01	28.0	COL	NL	0	0		6.35	6	0	1	0	0	0	5.2	6	4	4	1	4	0	5	0	0	1	26	76.0	5.74	1.765	9.5	1.6	6.4	7.9	1.25
127	128.0	Phillip Evans\evansph01	28.0	PIT	NL	0	0		0.0	1	0	1	0	0	0	1.0	0	0	0	0	0	0	0	0	0	0	3		3.1	0.0	0.0	0.0	0.0	0.0	
128	129.0	Pete Fairbanks\fairbpe01	27.0	TBR	AL	0	0		3.38	3	0	0	0	0	0	2.2	3	1	1	0	2	0	2	0	0	0	12	130.0	3.85	1.875	10.1	0.0	6.8	6.8	1.0
129	130.0	Jeurys Familia\familje01	31.0	NYM	NL	0	0		2.45	5	0	3	0	0	0	3.2	6	2	1	0	2	0	3	0	0	0	19	171.0	3.1	2.182	14.7	0.0	4.9	7.4	1.5
130	131.0	Buck Farmer\farmebu01	30.0	DET	AL	0	0		9.45	6	0	0	0	0	0	6.2	5	7	7	4	5	0	6	0	0	0	30	48.0	11.35	1.5	6.8	5.4	6.8	8.1	1.2
131	132.0	Luke Farrell\farrelu01	30.0	MIN	AL	0	0		0.0	1	0	0	0	0	0	1.0	0	0	0	0	2	0	1	0	0	0	5		7.1	2.0	0.0	0.0	18.0	9.0	0.5
132	133.0	Erick Fedde\feddeer01	28.0	WSN	NL	1	1	0.5	5.56	3	3	0	0	0	0	11.1	13	8	7	1	6	2	15	0	0	0	53	72.0	3.18	1.676	10.3	0.8	4.8	11.9	2.5
133	134.0	Michael Feliz\felizmi01	28.0	PIT	NL	0	0		3.18	6	0	2	0	0	0	5.2	7	3	2	0	1	0	7	0	0	1	25	133.0	1.15	1.412	11.1	0.0	1.6	11.1	7.0
134	135.0	J.P. Feyereisen\feyerjo01	28.0	MIL	NL	0	1	0.0	0.0	10	0	3	0	0	0	9.2	3	2	0	0	6	0	9	0	0	0	37		3.1	0.9309999999999999	2.8	0.0	5.6	8.4	1.5
135	136.0	Kyle Finnegan\finneky01	29.0	WSN	NL	1	0	1.0	3.86	7	0	0	0	0	0	7.0	6	3	3	2	3	0	9	0	0	0	30	106.0	5.52	1.286	7.7	2.6	3.9	11.6	3.0
136	137.0	Jack Flaherty\flaheja01	25.0	STL	NL	3	0	1.0	3.8	4	4	0	0	0	0	21.1	16	12	9	2	8	0	21	2	0	2	90	99.0	3.75	1.125	6.8	0.8	3.4	8.9	2.63
137	138.0	Josh Fleming*\flemijo01	25.0	TBR	AL	1	1	0.5	0.87	2	2	0	0	0	0	10.1	6	1	1	1	2	0	5	1	0	0	39	455.0	4.26	0.774	5.2	0.9	1.7	4.4	2.5
138	139.0	Chris Flexen\flexech01	26.0	SEA	AL	1	1	0.5	3.38	3	3	0	0	0	0	16.0	22	7	6	1	4	0	14	0	0	0	72	120.0	2.91	1.625	12.4	0.6	2.3	7.9	3.5
139	140.0	Dylan Floro\florody01	30.0	MIA	NL	0	1	0.0	2.08	10	0	2	0	0	0	8.2	4	3	2	0	3	0	10	0	0	0	35	200.0	1.83	0.8079999999999999	4.2	0.0	3.1	10.4	3.33
140	141.0	Mike Foltynewicz\foltymi01	29.0	TEX	AL	0	3	0.0	5.32	4	4	0	0	0	0	22.0	20	13	13	8	7	0	22	0	0	0	91	82.0	6.78	1.227	8.2	3.3	2.9	9.0	3.14
141	142.0	Matt Foster\fostema01	26.0	CHW	AL	1	1	0.5	13.5	6	0	3	0	0	0	4.2	7	7	7	1	2	0	8	0	0	0	24	33.0	3.74	1.929	13.5	1.9	3.9	15.4	4.0
142	143.0	Max Fried*\friedma01	27.0	ATL	NL	0	1	0.0	11.45	3	3	0	0	0	0	11.0	23	15	14	3	5	0	14	3	0	0	64	38.0	6.28	2.545	18.8	2.5	4.1	11.5	2.8
143	144.0	Paul Fry*\frypa01	28.0	BAL	AL	0	0		1.23	9	0	2	0	0	1	7.1	6	1	1	0	3	0	10	0	0	0	30	365.0	1.6	1.227	7.4	0.0	3.7	12.3	3.33
144	145.0	Carson Fulmer\fulmeca01	27.0	CIN	NL	0	0		4.09	10	0	3	0	0	0	11.0	8	5	5	1	5	0	9	2	0	1	47	110.0	4.55	1.182	6.5	0.8	4.1	7.4	1.8
145	146.0	Michael Fulmer\fulmemi01	28.0	DET	AL	1	1	0.5	3.94	5	2	1	0	0	0	16.0	11	7	7	3	2	0	15	0	0	0	61	112.0	4.03	0.813	6.2	1.7	1.1	8.4	7.5
146	147.0	Giovanny Gallegos\gallegi01	29.0	STL	NL	2	1	0.667	3.72	8	0	0	0	0	0	9.2	5	4	4	1	4	1	14	1	0	2	39	104.0	3.1	0.9309999999999999	4.7	0.9	3.7	13.0	3.5
147	148.0	Zac Gallen\galleza01	25.0	ARI	NL	0	0		3.72	2	2	0	0	0	0	9.2	7	4	4	1	6	0	14	0	0	1	43	111.0	3.41	1.345	6.5	0.9	5.6	13.0	2.33
148	149.0	John Gant\gantjo01	28.0	STL	NL	0	2	0.0	3.21	3	3	0	0	0	0	14.0	15	6	5	1	11	1	13	1	0	0	66	119.0	4.74	1.857	9.6	0.6	7.1	8.4	1.18
149	150.0	Bryan Garcia\garcibr01	26.0	DET	AL	0	0		5.87	7	0	2	0	0	2	7.2	7	5	5	1	4	0	7	0	0	2	34	77.0	4.53	1.435	8.2	1.2	4.7	8.2	1.75
150	151.0	Jarlin Garcia*\garcija04	28.0	SFG	NL	0	1	0.0	8.53	5	0	2	0	0	0	6.1	4	7	6	2	5	0	9	1	0	0	28	46.0	7.2	1.421	5.7	2.8	7.1	12.8	1.8
151	152.0	Luis Garcia\garcilu05	24.0	HOU	AL	0	1	0.0	2.7	3	2	1	0	0	0	13.1	9	4	4	1	7	1	14	1	0	0	55	160.0	3.77	1.2	6.1	0.7	4.7	9.5	2.0
152	153.0	Yimi Garcia\garciyi01	30.0	MIA	NL	2	1	0.667	0.87	10	0	6	0	0	4	10.1	5	2	1	1	3	0	10	0	0	0	38	474.0	3.29	0.774	4.4	0.9	2.6	8.7	3.33
153	154.0	Amir Garrett*\garream01	29.0	CIN	NL	0	1	0.0	16.2	6	0	3	0	0	2	5.0	9	9	9	3	7	1	4	0	0	1	29	29.0	13.5	3.2	16.2	5.4	12.6	7.2	0.57
154	155.0	Kevin Gausman\gausmke01	30.0	SFG	NL	1	0	1.0	2.45	4	4	0	0	0	0	25.2	17	7	7	2	9	0	23	0	0	1	102	153.0	3.37	1.013	6.0	0.7	3.2	8.1	2.56
155	156.0	Domingo German\germado01	28.0	NYY	AL	1	2	0.33299999999999996	6.23	3	3	0	0	0	0	13.0	19	10	9	4	3	0	13	0	0	1	63	65.0	5.79	1.692	13.2	2.8	2.1	9.0	4.33
156	157.0	Kyle Gibson\gibsoky01	33.0	TEX	AL	2	0	1.0	2.53	4	4	0	0	0	0	21.1	18	7	6	0	6	0	18	1	0	0	87	173.0	2.39	1.125	7.6	0.0	2.5	7.6	3.0
157	158.0	Kevin Ginkel\ginkeke01	27.0	ARI	NL	0	0		3.12	10	0	0	0	0	0	8.2	8	3	3	2	2	0	11	0	0	0	34	133.0	4.25	1.1540000000000001	8.3	2.1	2.1	11.4	5.5
158	159.0	Lucas Giolito\giolilu01	26.0	CHW	AL	1	1	0.5	5.79	4	4	0	0	0	0	18.2	17	13	12	3	7	0	26	0	0	1	81	72.0	3.52	1.286	8.2	1.4	3.4	12.5	3.71
159	160.0	Mychal Givens\givenmy01	31.0	COL	NL	0	1	0.0	3.38	8	0	2	0	0	0	8.0	6	3	3	2	2	1	8	1	0	1	32	140.0	5.47	1.0	6.8	2.3	2.3	9.0	4.0
160	161.0	Tyler Glasnow\glasnty01	27.0	TBR	AL	2	0	1.0	0.73	4	4	0	0	0	0	24.2	9	2	2	0	7	0	36	0	0	2	90	532.0	1.03	0.649	3.3	0.0	2.6	13.1	5.14
161	162.0	Austin Gomber*\gombeau01	27.0	COL	NL	1	2	0.33299999999999996	3.38	4	4	0	0	0	0	21.1	10	10	8	2	15	0	20	0	0	1	87	136.0	4.55	1.172	4.2	0.8	6.3	8.4	1.33
162	163.0	Marco Gonzales*\gonzama02	29.0	SEA	AL	1	2	0.33299999999999996	6.04	4	4	0	0	0	0	22.1	22	15	15	6	8	1	19	1	0	0	96	66.0	6.1	1.3430000000000002	8.9	2.4	3.2	7.7	2.38
163	164.0	Chi Chi Gonzalez\gonzach01	29.0	COL	NL	1	0	1.0	3.0	4	2	0	0	0	0	15.0	15	5	5	0	7	0	8	0	0	1	63	154.0	3.43	1.4669999999999999	9.0	0.0	4.2	4.8	1.14
164	165.0	Victor Gonzalez*\gonzavi02	25.0	LAD	NL	0	0		1.5	8	0	2	0	0	1	6.0	3	1	1	0	3	0	4	0	0	1	24	261.0	3.26	1.0	4.5	0.0	4.5	6.0	1.33
165	166.0	Brusdar Graterol\gratebr01	22.0	LAD	NL	0	0		13.5	1	0	0	0	0	0	0.2	2	1	1	0	1	0	1	0	0	0	5	44.0	4.6	4.5	27.0	0.0	13.5	13.5	1.0
166	167.0	Kendall Graveman\graveke01	30.0	SEA	AL	1	0	1.0	0.0	7	0	2	0	0	2	8.2	1	0	0	0	2	0	10	1	0	0	29		1.83	0.34600000000000003	1.0	0.0	2.1	10.4	5.0
167	168.0	Jon Gray\grayjo02	29.0	COL	NL	2	1	0.667	2.42	4	4	0	0	0	0	22.1	14	6	6	1	11	0	21	0	0	0	91	190.0	3.27	1.119	5.6	0.4	4.4	8.5	1.91
168	169.0	Sonny Gray\grayso01	31.0	CIN	NL	0	0		4.15	1	1	0	0	0	0	4.1	6	2	2	1	2	1	6	0	0	0	21	114.0	4.71	1.8459999999999999	12.5	2.1	4.2	12.5	3.0
169	170.0	Chad Green\greench03	30.0	NYY	AL	0	2	0.0	0.79	9	0	2	0	0	1	11.1	5	3	1	1	2	0	10	0	0	0	39	514.0	3.01	0.618	4.0	0.8	1.6	7.9	5.0
170	171.0	Zack Greinke\greinza01	37.0	HOU	AL	2	1	0.667	2.81	4	4	0	0	0	0	25.2	22	8	8	4	4	0	16	0	0	2	99	152.0	4.34	1.013	7.7	1.4	1.4	5.6	4.0
171	172.0	Robert Gsellman\gsellro01	27.0	NYM	NL	0	0		7.71	3	0	0	0	0	0	2.1	5	4	2	0	1	0	2	0	0	0	13	58.0	2.67	2.571	19.3	0.0	3.9	7.7	2.0
172	173.0	Reymin Guduan*\guduare01	29.0	OAK	AL	0	0		27.0	3	0	2	0	0	0	2.2	9	8	8	0	3	0	0	0	0	4	20	16.0	6.47	4.5	30.4	0.0	10.1	0.0	0.0
173	174.0	Deolis Guerra\guerrde01	32.0	OAK	AL	1	0	1.0	1.42	4	0	2	0	0	0	6.1	2	1	1	1	0	0	8	0	0	0	21	283.0	2.62	0.316	2.8	1.4	0.0	11.4	
174	175.0	Junior Guerra\guerrju02	36.0	LAA	AL	2	0	1.0	2.61	6	0	2	0	0	0	10.1	6	3	3	0	5	0	6	0	1	2	44	172.0	3.39	1.065	5.2	0.0	4.4	5.2	1.2
175	176.0	Luis Guillorme\guilllu01	26.0	NYM	NL	0	0		18.0	1	0	1	0	0	0	1.0	3	2	2	0	1	0	0	0	0	0	7	30.0	6.1	4.0	27.0	0.0	9.0	0.0	0.0
176	177.0	Josh Hader*\haderjo01	27.0	MIL	NL	2	0	1.0	0.0	6	0	4	0	0	3	5.2	1	0	0	0	3	0	11	0	0	3	21		0.8	0.706	1.6	0.0	4.8	17.5	3.67
177	178.0	Jesse Hahn\hahnje01	31.0	KCR	AL	0	0		13.5	5	0	1	0	0	1	3.1	5	5	5	2	4	0	3	1	0	1	19	36.0	13.6	2.7	13.5	5.4	10.8	8.1	0.75
178	179.0	David Hale\haleda02	33.0	PHI	NL	0	0		4.15	4	0	2	0	0	0	8.2	5	4	4	2	3	0	6	0	0	0	33	97.0	5.75	0.9229999999999999	5.2	2.1	3.1	6.2	2.0
179	180.0	Brad Hand*\handbr01	31.0	WSN	NL	1	0	1.0	0.0	6	0	6	0	0	3	6.0	3	0	0	0	2	0	5	2	0	0	24		3.43	0.833	4.5	0.0	3.0	7.5	2.5
180	181.0	J.A. Happ*\happja01	38.0	MIN	AL	0	0		3.12	2	2	0	0	0	0	8.2	7	3	3	1	4	0	7	0	0	0	36	131.0	4.36	1.2690000000000001	7.3	1.0	4.2	7.3	1.75
181	182.0	Ryne Harper\harpery01	32.0	WSN	NL	0	0		3.0	2	0	0	0	0	0	3.0	2	1	1	0	1	0	2	0	0	0	12	146.0	2.76	1.0	6.0	0.0	3.0	6.0	2.0
182	183.0	Matt Harvey\harvema01	32.0	BAL	AL	1	1	0.5	5.12	4	4	0	0	0	0	19.1	24	11	11	2	3	0	16	1	0	0	88	85.0	3.41	1.3969999999999998	11.2	0.9	1.4	7.4	5.33
183	184.0	Andrew Heaney*\heanean01	30.0	LAA	AL	1	1	0.5	5.65	3	3	0	0	0	0	14.1	10	9	9	1	7	0	19	0	0	1	57	79.0	2.82	1.186	6.3	0.6	4.4	11.9	2.71
184	185.0	Taylor Hearn*\hearnta01	26.0	TEX	AL	0	1	0.0	7.59	7	0	1	0	0	0	10.2	13	9	9	4	9	0	16	0	0	2	54	59.0	7.5	2.063	11.0	3.4	7.6	13.5	1.78
185	186.0	Ryan Helsley\helslry01	26.0	STL	NL	2	0	1.0	5.4	9	0	0	0	0	0	10.0	11	6	6	0	6	0	11	0	0	1	45	71.0	2.7	1.7	9.9	0.0	5.4	9.9	1.83
186	187.0	Kyle Hendricks\hendrky01	31.0	CHC	NL	0	2	0.0	6.92	3	3	0	0	0	0	13.0	15	10	10	5	7	0	12	1	0	0	62	56.0	8.1	1.692	10.4	3.5	4.8	8.3	1.71
187	188.0	Liam Hendriks\hendrli01	32.0	CHW	AL	0	0		4.05	7	0	5	0	0	3	6.2	5	3	3	2	1	0	9	0	0	0	26	107.0	4.75	0.9	6.8	2.7	1.4	12.2	9.0
188	189.0	Sam Hentges*\hentgsa01	24.0	CLE	AL	0	0		9.0	1	0	0	0	0	0	1.0	1	1	1	1	0	0	3	0	0	0	4	65.0	10.1	1.0	9.0	9.0	0.0	27.0	
189	190.0	Carlos Hernandez\hernaca04	24.0	KCR	AL	1	0	1.0	10.8	3	0	0	0	0	0	3.1	6	4	4	0	5	1	5	0	0	2	20	45.0	4.6	3.3	16.2	0.0	13.5	13.5	1.0
190	191.0	Darwinzon Hernandez*\hernada02	24.0	BOS	AL	0	1	0.0	5.14	8	0	1	0	0	0	7.0	7	5	4	1	8	0	7	0	0	1	35	89.0	6.38	2.1430000000000002	9.0	1.3	10.3	9.0	0.88
191	192.0	Elieser Hernandez\hernael01	26.0	MIA	NL	0	0		7.71	1	1	0	0	0	0	2.1	2	2	2	1	0	0	3	0	0	0	9	60.0	6.1	0.857	7.7	3.9	0.0	11.6	
192	193.0	Codi Heuer\heuerco01	24.0	CHW	AL	1	1	0.5	5.59	7	0	1	0	0	0	9.2	13	6	6	2	1	0	13	0	0	0	41	76.0	3.41	1.4480000000000002	12.1	1.9	0.9	12.1	13.0
193	194.0	Jordan Hicks\hicksjo03	24.0	STL	NL	0	0		1.29	6	0	1	0	0	0	7.0	2	1	1	0	6	0	7	0	0	2	28	305.0	3.67	1.143	2.6	0.0	7.7	9.0	1.17
194	195.0	Trevor Hildenberger\hildetr01	30.0	NYM	NL	0	0		15.43	2	0	1	0	0	0	2.1	3	4	4	1	3	0	4	1	0	1	14	29.0	10.38	2.571	11.6	3.9	11.6	15.4	1.33
195	196.0	Rich Hill*\hillri01	41.0	TBR	AL	1	0	1.0	8.82	4	4	0	0	0	0	16.1	20	16	16	4	5	0	14	0	0	0	72	44.0	5.48	1.531	11.0	2.2	2.8	7.7	2.8
196	197.0	Tim Hill*\hillti01	31.0	SDP	NL	0	2	0.0	2.0	11	0	1	0	0	0	9.0	9	9	2	3	2	1	11	1	0	0	41	188.0	5.98	1.222	9.0	3.0	2.0	11.0	5.5
197	198.0	Jeff Hoffman\hoffmje02	28.0	CIN	NL	2	1	0.667	2.66	4	4	0	0	0	0	20.1	20	7	6	2	7	1	16	0	0	1	84	168.0	3.83	1.328	8.9	0.9	3.1	7.1	2.29
198	199.0	Derek Holland*\hollade01	34.0	DET	AL	0	1	0.0	11.57	5	1	2	0	0	0	7.0	12	9	9	2	4	0	7	0	0	0	38	39.0	6.52	2.286	15.4	2.6	5.1	9.0	1.75
199	200.0	Greg Holland\hollagr01	35.0	KCR	AL	2	1	0.667	6.43	7	0	3	0	0	2	7.0	9	6	5	3	7	0	6	0	0	1	36	72.0	9.95	2.286	11.6	3.9	9.0	7.7	0.86
200	201.0	Jordan Holloway\hollojo01	25.0	MIA	NL	0	0		0.0	1	0	0	0	0	0	2.0	0	0	0	0	0	0	3	0	0	0	6		0.1	0.0	0.0	0.0	0.0	13.5	
201	202.0	Clay Holmes\holmecl01	28.0	PIT	NL	0	0		7.2	9	0	2	0	0	0	10.0	9	8	8	1	3	0	9	1	0	1	42	57.0	3.8	1.2	8.1	0.9	2.7	8.1	3.0
202	203.0	Brent Honeywell Jr.\honeybr01	26.0	TBR	AL	0	0		2.7	2	1	0	0	0	0	3.1	2	1	1	1	2	0	2	0	0	0	14	158.0	7.6	1.2	5.4	2.7	5.4	5.4	1.0
203	204.0	Tanner Houck\houckta01	25.0	BOS	AL	0	2	0.0	4.35	3	2	0	0	0	0	10.1	13	7	5	1	1	0	12	0	0	1	45	103.0	2.32	1.355	11.3	0.9	0.9	10.5	12.0
204	205.0	Adrian Houser\housead01	28.0	MIL	NL	1	2	0.33299999999999996	3.32	4	4	0	0	0	0	19.0	20	8	7	2	9	0	12	0	0	2	80	124.0	4.62	1.526	9.5	0.9	4.3	5.7	1.33
205	206.0	Sam Howard*\howarsa01	28.0	PIT	NL	2	1	0.667	2.45	10	0	0	0	0	0	7.1	3	2	2	2	5	0	9	0	0	1	29	169.0	6.23	1.091	3.7	2.5	6.1	11.0	1.8
206	207.0	Spencer Howard\howarsp01	24.0	PHI	NL	0	0		3.86	2	0	1	0	0	0	2.1	2	1	1	0	1	0	4	0	0	0	10	117.0	0.95	1.286	7.7	0.0	3.9	15.4	4.0
207	208.0	Daniel Hudson\hudsoda01	34.0	WSN	NL	2	0	1.0	1.5	6	0	1	0	0	0	6.0	2	1	1	1	4	0	8	0	0	0	24	274.0	4.6	1.0	3.0	1.5	6.0	12.0	2.0
208	209.0	Raisel Iglesias\iglesra01	31.0	LAA	AL	1	1	0.5	5.68	7	0	6	0	0	2	6.1	6	5	4	2	1	0	11	1	0	0	27	81.0	4.67	1.105	8.5	2.8	1.4	15.6	11.0
209	210.0	Cole Irvin*\irvinco01	27.0	OAK	AL	1	2	0.33299999999999996	4.6	3	3	0	0	0	0	15.2	16	8	8	2	2	0	11	3	0	2	68	84.0	4.31	1.149	9.2	1.1	1.1	6.3	5.5
210	211.0	Luke Jackson\jackslu01	29.0	ATL	NL	1	0	1.0	0.0	7	0	1	0	0	0	6.1	5	0	0	0	6	1	6	0	1	0	28		4.04	1.7369999999999999	7.1	0.0	8.5	8.5	1.0
211	212.0	Kenley Jansen\janseke01	33.0	LAD	NL	0	0		2.25	7	0	5	0	0	4	8.0	2	2	2	0	6	0	10	0	0	1	32	171.0	2.85	1.0	2.3	0.0	6.8	11.3	1.67
212	213.0	Cristian Javier\javiecr01	24.0	HOU	AL	2	0	1.0	1.32	3	3	0	0	0	0	13.2	9	2	2	0	3	0	20	2	0	1	55	327.0	1.27	0.878	5.9	0.0	2.0	13.2	6.67
213	214.0	Joe Jimenez\jimenjo02	26.0	DET	AL	0	0		45.0	2	0	0	0	0	0	1.0	0	5	5	0	7	0	2	0	0	1	10	13.0	20.1	7.0	0.0	0.0	63.0	18.0	0.29
214	215.0	Pierce Johnson\johnspi01	30.0	SDP	NL	0	0		2.08	5	0	0	0	0	0	4.1	4	1	1	0	0	0	7	0	0	0	17	190.0	-0.14	0.9229999999999999	8.3	0.0	0.0	14.5	
215	216.0	Nate Jones\jonesna01	35.0	ATL	NL	0	1	0.0	2.45	8	0	3	0	0	0	7.1	5	3	2	2	6	2	6	0	0	1	33	182.0	7.46	1.5	6.1	2.5	7.4	7.4	1.0
216	217.0	Jakob Junis\junisja01	28.0	KCR	AL	1	0	1.0	3.71	5	3	0	0	0	0	17.0	14	7	7	1	6	0	18	0	0	1	68	122.0	2.8	1.176	7.4	0.5	3.2	9.5	3.0
217	218.0	James Karinchak\karinja01	25.0	CLE	AL	0	0		0.0	8	0	3	0	0	1	6.1	2	0	0	0	2	0	12	0	0	0	23		0.25	0.632	2.8	0.0	2.8	17.1	6.0
218	219.0	Anthony Kay*\kayan01	26.0	TOR	AL	0	1	0.0	10.8	1	1	0	0	0	0	3.1	6	5	4	0	0	0	3	0	0	0	16	43.0	1.3	1.8	16.2	0.0	0.0	8.1	
219	220.0	Keone Kela\kelake01	28.0	SDP	NL	2	1	0.667	4.15	9	0	2	0	0	0	8.2	8	6	4	2	3	0	12	0	0	2	38	91.0	4.36	1.2690000000000001	8.3	2.1	3.1	12.5	4.0
220	221.0	Brad Keller\kellebr01	25.0	KCR	AL	1	2	0.33299999999999996	12.0	4	4	0	0	0	0	12.0	22	16	16	2	9	0	9	1	0	1	69	38.0	6.26	2.583	16.5	1.5	6.8	6.8	1.0
221	222.0	Mitch Keller\kellemi03	25.0	PIT	NL	1	2	0.33299999999999996	7.16	4	4	0	0	0	0	16.1	21	13	13	3	8	0	17	0	0	1	77	56.0	4.87	1.776	11.6	1.7	4.4	9.4	2.13
222	223.0	Merrill Kelly\kellyme01	32.0	ARI	NL	1	2	0.33299999999999996	7.71	4	4	0	0	0	0	21.0	28	19	18	4	5	0	13	1	0	0	95	53.0	5.19	1.571	12.0	1.7	2.1	5.6	2.6
223	224.0	Ian Kennedy\kenneia01	36.0	TEX	AL	0	0		3.38	8	0	7	0	0	4	8.0	9	3	3	2	0	0	11	0	0	0	33	134.0	3.6	1.125	10.1	2.3	0.0	12.4	
224	225.0	Clayton Kershaw*\kershcl01	33.0	LAD	NL	3	1	0.75	2.19	4	4	0	0	0	0	24.2	21	7	6	0	3	0	24	0	0	1	98	170.0	1.51	0.973	7.7	0.0	1.1	8.8	8.0
225	226.0	Dallas Keuchel*\keuchda01	33.0	CHW	AL	1	0	1.0	5.68	4	4	0	0	0	0	19.0	19	14	12	3	7	0	10	1	0	0	81	74.0	5.36	1.368	9.0	1.4	3.3	4.7	1.43
226	227.0	Yusei Kikuchi*\kikucyu01	30.0	SEA	AL	0	0		4.74	3	3	0	0	0	0	19.0	17	10	10	3	6	0	19	1	0	0	79	85.0	4.25	1.2109999999999999	8.1	1.4	2.8	9.0	3.17
227	228.0	Kwang Hyun Kim*\kimkw01	32.0	STL	NL	0	0		9.0	1	1	0	0	0	0	3.0	5	3	3	0	1	0	4	1	0	0	16	47.0	2.43	2.0	15.0	0.0	3.0	12.0	4.0
228	229.0	Craig Kimbrel\kimbrcr01	33.0	CHC	NL	0	0		0.0	8	0	6	0	0	4	9.0	1	0	0	0	5	0	14	0	0	0	33		1.65	0.667	1.0	0.0	5.0	14.0	2.8
229	230.0	John King*\kingjo01	26.0	TEX	AL	2	0	1.0	1.13	7	0	2	0	0	0	8.0	12	4	1	0	1	0	7	1	0	0	36	401.0	2.1	1.625	13.5	0.0	1.1	7.9	7.0
230	231.0	Michael King\kingmi01	26.0	NYY	AL	0	0		0.0	2	0	1	0	0	0	9.0	3	0	0	0	4	0	7	1	0	0	36		3.21	0.778	3.0	0.0	4.0	7.0	1.75
231	232.0	Tyler Kinley\kinlety01	30.0	COL	NL	0	0		6.23	6	0	0	0	0	0	4.1	8	3	3	0	5	0	4	1	0	1	28	78.0	5.4	3.0	16.6	0.0	10.4	8.3	0.8
232	233.0	Brandon Kintzler\kintzbr01	36.0	PHI	NL	0	0		7.5	6	0	1	0	0	0	6.0	8	6	5	2	0	0	4	0	0	0	27	55.0	6.1	1.3330000000000002	12.0	3.0	0.0	6.0	
233	234.0	Andrew Kittredge\kittran01	31.0	TBR	AL	3	0	1.0	2.25	6	1	0	0	0	0	8.0	5	2	2	1	3	1	7	1	0	0	33	178.0	4.47	1.0	5.6	1.1	3.4	7.9	2.33
234	235.0	Corey Kluber\klubeco01	35.0	NYY	AL	0	2	0.0	5.4	4	4	0	0	0	0	15.0	18	12	9	3	11	0	14	2	0	2	73	75.0	6.43	1.933	10.8	1.8	6.6	8.4	1.27
235	236.0	Corey Knebel\knebeco01	29.0	LAD	NL	1	0	1.0	3.0	7	0	2	0	0	2	6.0	3	2	2	0	2	0	9	0	0	0	23	131.0	1.1	0.833	4.5	0.0	3.0	13.5	4.5
236	237.0	Adam Kolarek*\kolarad01	32.0	OAK	AL	0	0		12.27	6	0	0	0	0	0	3.2	7	6	5	2	1	0	2	1	0	0	21	34.0	10.73	2.182	17.2	4.9	2.5	4.9	2.0
237	238.0	Michael Kopech\kopecmi01	25.0	CHW	AL	1	0	1.0	1.69	5	1	0	0	0	0	10.2	3	2	2	0	4	0	17	0	0	1	40	252.0	1.03	0.6559999999999999	2.5	0.0	3.4	14.3	4.25
238	239.0	Dean Kremer\kremede01	25.0	BAL	AL	0	1	0.0	6.75	3	3	0	0	0	0	10.2	14	8	8	2	6	0	14	0	0	0	50	65.0	4.6	1.875	11.8	1.7	5.1	11.8	2.33
239	240.0	Brooks Kriske\kriskbr01	27.0	NYY	AL	0	0		9.0	1	0	1	0	0	0	1.0	1	1	1	1	2	0	1	0	0	0	6	61.0	20.1	3.0	9.0	9.0	18.0	9.0	0.5
240	241.0	Chad Kuhl\kuhlch01	28.0	PIT	NL	0	1	0.0	6.32	4	4	0	0	0	0	15.2	12	14	11	4	16	0	14	2	0	1	76	64.0	8.07	1.787	6.9	2.3	9.2	8.0	0.88
241	242.0	Travis Lakins\lakintr01	27.0	BAL	AL	1	1	0.5	0.0	5	0	1	0	0	0	5.0	1	1	0	0	3	0	5	0	0	3	19		2.9	0.8	1.8	0.0	5.4	9.0	1.67
242	243.0	Dinelson Lamet\lametdi01	28.0	SDP	NL	0	0		0.0	1	1	0	0	0	0	2.0	1	0	0	0	1	0	4	0	0	1	8		0.6	1.0	4.5	0.0	4.5	18.0	4.0
243	244.0	Alex Lange\langeal01	25.0	DET	AL	0	0		2.25	5	0	1	0	0	0	4.0	3	1	1	0	2	0	6	0	0	1	17	209.0	1.6	1.25	6.8	0.0	4.5	13.5	3.0
244	245.0	Wade LeBlanc*\leblawa01	36.0	BAL	AL	0	0		5.4	5	0	3	0	0	0	5.0	5	3	3	1	0	0	4	1	0	1	21	85.0	4.7	1.0	9.0	1.8	0.0	7.2	
245	246.0	Josh Lindblom\lindbjo01	34.0	MIL	NL	0	0		6.43	4	0	2	0	0	0	7.0	8	5	5	1	4	0	4	3	0	1	36	66.0	6.81	1.714	10.3	1.3	5.1	5.1	1.0
246	247.0	Jonathan Loaisiga\loaisjo01	26.0	NYY	AL	2	0	1.0	1.5	8	0	0	0	0	0	12.0	8	2	2	1	1	0	13	2	0	1	46	271.0	2.76	0.75	6.0	0.8	0.8	9.8	13.0
247	248.0	Jorge Lopez\lopezjo02	28.0	BAL	AL	1	2	0.33299999999999996	8.56	3	3	0	0	0	0	13.2	13	13	13	5	5	0	17	1	0	0	59	51.0	6.68	1.317	8.6	3.3	3.3	11.2	3.4
248	249.0	Pablo Lopez\lopezpa01	25.0	MIA	NL	0	2	0.0	3.32	4	4	0	0	0	0	21.2	20	9	8	3	7	1	25	0	0	1	91	122.0	3.56	1.246	8.3	1.2	2.9	10.4	3.57
249	250.0	Yoan López\lopezyo01	28.0	ARI	NL	0	0		3.38	9	0	3	0	0	0	8.0	9	4	3	2	4	2	11	0	0	0	37	124.0	5.1	1.625	10.1	2.3	4.5	12.4	2.75
250	251.0	Aaron Loup*\loupaa01	33.0	NYM	NL	0	0		0.0	4	0	1	0	0	0	3.1	2	2	0	0	0	0	4	1	0	0	13		1.6	0.6	5.4	0.0	0.0	10.8	
251	252.0	Joey Lucchesi*\lucchjo01	28.0	NYM	NL	0	1	0.0	6.75	3	2	1	0	0	0	8.0	7	6	6	0	2	0	11	1	0	0	34	59.0	1.47	1.125	7.9	0.0	2.3	12.4	5.5
252	253.0	Lucas Luetge*\luetglu01	34.0	NYY	AL	0	0		5.56	6	0	2	0	0	0	11.1	13	7	7	3	2	0	12	0	0	2	48	73.0	4.95	1.324	10.3	2.4	1.6	9.5	6.0
253	254.0	Jesus Luzardo*\luzarje01	23.0	OAK	AL	1	1	0.5	5.89	4	4	0	0	0	0	18.1	21	12	12	3	8	0	21	0	0	0	83	66.0	4.24	1.5819999999999999	10.3	1.5	3.9	10.3	2.63
254	255.0	Jordan Lyles\lylesjo01	30.0	TEX	AL	1	1	0.5	4.64	4	4	0	0	0	0	21.1	21	11	11	5	3	0	18	1	0	1	87	95.0	5.02	1.125	8.9	2.1	1.3	7.6	6.0
255	256.0	Lance Lynn\lynnla01	34.0	CHW	AL	1	1	0.5	0.92	3	3	0	1	1	0	19.2	16	4	2	1	2	0	27	0	0	0	77	457.0	1.32	0.915	7.3	0.5	0.9	12.4	13.5
256	257.0	Kenta Maeda\maedake01	33.0	MIN	AL	1	1	0.5	6.11	4	4	0	0	0	0	17.2	28	14	12	4	5	0	17	2	0	2	88	65.0	5.3	1.868	14.3	2.0	2.5	8.7	3.4
257	258.0	Tyler Mahle\mahlety01	26.0	CIN	NL	1	1	0.5	1.74	4	4	0	0	0	0	20.2	9	5	4	2	9	0	31	1	0	0	80	255.0	2.8	0.871	3.9	0.9	3.9	13.5	3.44
258	259.0	Sean Manaea*\manaese01	29.0	OAK	AL	2	1	0.667	3.04	4	4	0	1	1	0	23.2	23	8	8	3	5	0	22	0	0	0	97	126.0	3.52	1.183	8.7	1.1	1.9	8.4	4.4
259	260.0	Dillon Maples\mapledi01	29.0	CHC	NL	0	0		2.57	4	0	1	0	0	0	7.0	3	2	2	1	8	0	12	0	0	2	32	156.0	4.95	1.571	3.9	1.3	10.3	15.4	1.5
260	261.0	Nick Margevicius*\margeni01	25.0	SEA	AL	0	1	0.0	5.4	4	2	1	0	0	0	11.2	11	12	7	2	3	0	11	1	0	2	53	75.0	4.47	1.2	8.5	1.5	2.3	8.5	3.67
261	262.0	German Marquez\marquge01	26.0	COL	NL	1	1	0.5	3.57	4	4	0	1	0	0	22.2	19	9	9	3	13	0	20	0	0	1	97	129.0	4.77	1.412	7.5	1.2	5.2	7.9	1.54
262	263.0	Evan Marshall\marshev01	31.0	CHW	AL	0	1	0.0	4.82	8	0	2	0	0	0	9.1	10	5	5	1	2	1	7	0	0	0	40	89.0	3.63	1.286	9.6	1.0	1.9	6.8	3.5
263	264.0	Brett Martin*\martibr01	26.0	TEX	AL	0	0		7.36	4	0	1	0	0	0	3.2	8	4	3	1	0	0	2	0	0	1	20	64.0	5.55	2.182	19.6	2.5	0.0	4.9	
264	265.0	Chris Martin\martich02	35.0	ATL	NL	0	1	0.0	5.4	2	0	0	0	0	0	1.2	4	1	1	0	1	1	1	0	0	0	10	96.0	3.7	3.0	21.6	0.0	5.4	5.4	1.0
265	266.0	Carlos Martinez\martica04	29.0	STL	NL	0	4	0.0	6.0	4	4	0	0	0	0	21.0	21	14	14	2	5	1	13	2	0	1	91	63.0	4.1	1.238	9.0	0.9	2.1	5.6	2.6
266	267.0	Phil Maton\matonph01	28.0	CLE	AL	0	0		3.86	5	0	0	0	0	0	4.2	3	2	2	1	1	0	4	3	0	0	20	119.0	6.74	0.857	5.8	1.9	1.9	7.7	4.0
267	268.0	Steven Matz*\matzst01	30.0	TOR	AL	3	0	1.0	1.47	3	3	0	0	0	0	18.1	9	3	3	1	6	0	18	1	0	1	68	293.0	2.99	0.818	4.4	0.5	2.9	8.8	3.0
268	269.0	Tyler Matzek*\matzety01	30.0	ATL	NL	0	2	0.0	2.35	9	0	2	0	0	0	7.2	5	3	2	0	5	0	14	0	0	1	33	190.0	1.4	1.304	5.9	0.0	5.9	16.4	2.8
269	270.0	Dustin May\maydu01	23.0	LAD	NL	1	1	0.5	2.93	3	3	0	0	0	0	15.1	13	6	5	2	4	0	22	1	0	0	65	128.0	2.9	1.109	7.6	1.2	2.3	12.9	5.5
270	271.0	Trevor May\maytr01	31.0	NYM	NL	1	1	0.5	3.38	6	0	2	0	0	0	5.1	7	4	2	0	2	1	8	0	0	2	24	121.0	1.22	1.6880000000000002	11.8	0.0	3.4	13.5	4.0
271	272.0	Mike Mayers\mayermi01	29.0	LAA	AL	1	1	0.5	3.72	9	0	1	0	0	1	9.2	8	4	4	3	5	0	11	0	0	0	42	121.0	6.41	1.345	7.4	2.8	4.7	10.2	2.2
272	273.0	Tim Mayza*\mayzati01	29.0	TOR	AL	0	0		0.0	7	0	2	0	0	0	5.0	5	0	0	0	0	0	6	1	0	0	20		1.3	1.0	9.0	0.0	0.0	10.8	
273	274.0	Chris Mazza\mazzach01	31.0	TBR	AL	0	0		11.42	5	0	3	0	0	0	8.2	15	11	11	1	4	1	3	0	0	1	40	35.0	5.29	2.1919999999999997	15.6	1.0	4.2	3.1	0.75
274	275.0	Lance McCullers Jr.\mcculla02	27.0	HOU	AL	1	1	0.5	5.27	3	3	0	0	0	0	13.2	8	8	8	1	9	0	16	3	0	1	60	82.0	4.34	1.244	5.3	0.7	5.9	10.5	1.78
275	276.0	Jake McGee*\mcgeeja01	34.0	SFG	NL	1	0	1.0	2.61	11	0	8	0	0	7	10.1	6	3	3	1	3	0	14	1	0	0	41	147.0	2.8	0.871	5.2	0.9	2.6	12.2	4.67
276	277.0	Kyle McGowin\mcgowky01	29.0	WSN	NL	0	0		3.38	5	0	2	0	0	0	5.1	3	2	2	0	4	1	3	1	0	1	25	123.0	4.78	1.3130000000000002	5.1	0.0	6.8	5.1	0.75
277	278.0	Collin McHugh\mchugco01	34.0	TBR	AL	0	1	0.0	10.13	4	0	3	0	0	0	5.1	12	8	6	1	1	0	5	1	0	0	28	41.0	4.78	2.438	20.3	1.7	1.7	8.4	5.0
278	279.0	Triston McKenzie\mckentr01	23.0	CLE	AL	0	0		3.55	3	2	0	0	0	0	12.2	9	5	5	2	10	0	18	0	1	0	54	124.0	4.67	1.5	6.4	1.4	7.1	12.8	1.8
279	280.0	John Means*\meansjo01	28.0	BAL	AL	1	0	1.0	1.52	4	4	0	0	0	0	23.2	16	4	4	2	6	0	23	0	0	0	91	285.0	3.01	0.93	6.1	0.8	2.3	8.7	3.83
280	281.0	Mark Melancon\melanma01	36.0	SDP	NL	0	0		0.9	9	0	7	0	0	7	10.0	3	1	1	0	0	0	10	0	0	0	33	415.0	1.1	0.3	2.7	0.0	0.0	9.0	
281	282.0	Danny Mendick\mendida01	27.0	CHW	AL	0	0		0.0	1	0	1	0	0	0	1.0	1	0	0	0	0	0	1	1	0	0	5		4.1	1.0	9.0	0.0	0.0	9.0	
282	283.0	Yermin Mercedes\merceye01	28.0	CHW	AL	0	0		9.0	1	0	0	0	0	0	1.0	3	1	1	0	2	0	0	0	0	0	7	63.0	9.1	5.0	27.0	0.0	18.0	0.0	0.0
283	284.0	Julian Merryweather\merryju01	29.0	TOR	AL	0	0		0.0	4	0	2	0	0	2	4.1	1	0	0	0	1	0	7	0	0	0	14		0.56	0.462	2.1	0.0	2.1	14.5	7.0
284	285.0	Keynan Middleton\middlke01	27.0	SEA	AL	0	0		5.14	6	0	4	0	0	2	7.0	2	4	4	1	5	0	5	1	0	0	29	81.0	6.1	1.0	2.6	1.3	6.4	6.4	1.0
285	286.0	Wade Miley*\mileywa01	34.0	CIN	NL	2	1	0.667	2.25	3	3	0	0	0	0	16.0	9	4	4	2	3	0	14	0	0	0	59	199.0	3.53	0.75	5.1	1.1	1.7	7.9	4.67
286	287.0	Andrew Miller*\millean01	36.0	STL	NL	0	0		7.5	7	0	2	0	0	0	6.0	10	5	5	2	4	0	6	1	0	0	32	53.0	7.93	2.333	15.0	3.0	6.0	9.0	1.5
287	288.0	Shelby Miller\millesh01	30.0	CHC	NL	0	0		31.5	3	0	1	0	0	0	2.0	7	7	7	0	5	0	1	0	0	0	18	14.0	9.6	6.0	31.5	0.0	22.5	4.5	0.2
288	289.0	Alec Mills\millsal02	29.0	CHC	NL	1	0	1.0	3.95	7	1	2	0	0	1	13.2	10	6	6	2	3	1	6	2	0	0	54	99.0	5.22	0.951	6.6	1.3	2.0	4.0	2.0
289	290.0	Tommy Milone*\milonto01	34.0	TOR	AL	0	0		4.22	4	1	1	0	0	1	10.2	11	5	5	1	2	0	16	0	0	0	45	104.0	1.88	1.219	9.3	0.8	1.7	13.5	8.0
290	291.0	Mike Minor*\minormi01	33.0	KCR	AL	1	1	0.5	5.17	3	3	0	0	0	0	15.2	15	9	9	3	5	0	12	1	0	2	68	88.0	5.2	1.2770000000000001	8.6	1.7	2.9	6.9	2.4
291	292.0	A.J. Minter*\minteaj01	27.0	ATL	NL	1	0	1.0	4.82	10	0	1	0	0	0	9.1	6	5	5	0	6	0	10	1	0	0	40	92.0	3.2	1.286	5.8	0.0	5.8	9.6	1.67
292	293.0	Anthony Misiewicz*\misiean01	26.0	SEA	AL	2	0	1.0	0.0	8	0	4	0	0	0	6.1	6	0	0	0	1	0	5	1	0	0	26		2.46	1.105	8.5	0.0	1.4	7.1	5.0
293	294.0	Casey Mize\mizeca01	24.0	DET	AL	1	1	0.5	3.38	3	3	0	0	0	0	16.0	16	6	6	3	4	0	13	3	0	1	69	131.0	5.22	1.25	9.0	1.7	2.3	7.3	3.25
294	295.0	Frankie Montas\montafr02	28.0	OAK	AL	2	1	0.667	6.75	4	4	0	0	0	0	18.2	24	14	14	5	5	0	20	1	0	2	86	57.0	5.4	1.554	11.6	2.4	2.4	9.6	4.0
295	296.0	Rafael Montero\montera01	30.0	SEA	AL	2	0	1.0	2.61	10	0	4	0	0	3	10.1	4	3	3	1	4	1	9	2	0	1	39	157.0	4.35	0.774	3.5	0.9	3.5	7.8	2.25
296	297.0	Jordan Montgomery*\montgjo01	28.0	NYY	AL	1	1	0.5	4.24	3	3	0	0	0	0	17.0	11	8	8	4	4	0	18	2	0	0	67	95.0	5.1	0.882	5.8	2.1	2.1	9.5	4.5
297	298.0	Matt Moore*\moorema02	32.0	PHI	NL	0	1	0.0	9.82	3	3	0	0	0	0	11.0	17	13	12	4	9	1	12	0	0	1	59	41.0	8.1	2.364	13.9	3.3	7.4	9.8	1.33
298	299.0	Adrián Morejón*\morejad01	22.0	SDP	NL	0	0		3.86	2	2	0	0	0	0	4.2	5	2	2	2	2	0	3	0	0	0	20	101.0	8.67	1.5	9.6	3.9	3.9	5.8	1.5
299	300.0	Reyes Moronta\moronre01	28.0	SFG	NL	0	0		2.25	4	0	0	0	0	0	4.0	1	1	1	1	0	0	2	0	0	0	13	182.0	5.35	0.25	2.3	2.3	0.0	4.5	
300	301.0	Charlie Morton\mortoch02	37.0	ATL	NL	1	1	0.5	3.91	4	4	0	0	0	0	23.0	20	10	10	2	7	1	27	2	0	0	94	110.0	3.05	1.1740000000000002	7.8	0.8	2.7	10.6	3.86
301	302.0	Joe Musgrove\musgrjo01	28.0	SDP	NL	2	2	0.5	1.04	4	4	0	1	1	0	26.0	11	3	3	3	3	0	37	1	0	0	93	351.0	2.21	0.5379999999999999	3.8	1.0	1.0	12.8	12.33
302	303.0	Nick Neidert\neideni01	24.0	MIA	NL	0	1	0.0	6.75	3	3	0	0	0	0	12.0	13	9	9	3	11	0	8	1	0	1	57	61.0	8.01	2.0	9.8	2.3	8.3	6.0	0.73
303	304.0	Jimmy Nelson\nelsoji02	32.0	LAD	NL	1	1	0.5	4.26	7	0	1	0	0	0	6.1	3	4	3	0	6	0	9	1	0	3	28	92.0	3.57	1.421	4.3	0.0	8.5	12.8	1.5
304	305.0	Nick Nelson\nelsoni01	25.0	NYY	AL	0	2	0.0	8.53	5	1	1	0	0	0	6.1	7	7	6	0	4	0	13	1	0	1	31	49.0	1.36	1.7369999999999999	9.9	0.0	5.7	18.5	3.25
305	306.0	Hector Neris\nerishe01	32.0	PHI	NL	1	1	0.5	1.23	8	0	7	0	0	2	7.1	5	2	1	0	3	0	9	0	0	0	30	332.0	1.87	1.091	6.1	0.0	3.7	11.0	3.0
306	307.0	Jake Newberry\newbeja01	26.0	KCR	AL	0	0		13.5	3	0	0	0	0	0	3.1	7	5	5	1	3	0	4	0	0	1	18	36.0	7.3	3.0	18.9	2.7	8.1	10.8	1.33
307	308.0	Sean Newcomb*\newcose01	28.0	ATL	NL	1	0	1.0	1.69	5	0	1	0	0	1	5.1	2	1	1	0	4	0	12	1	0	1	22	269.0	1.41	1.125	3.4	0.0	6.8	20.3	3.0
308	309.0	Ljay Newsome\newsolj01	24.0	SEA	AL	1	0	1.0	3.86	2	0	1	0	0	0	4.2	4	2	2	1	1	0	4	0	0	1	21	111.0	4.81	1.071	7.7	1.9	1.9	7.7	4.0
309	310.0	Aaron Nola\nolaaa01	28.0	PHI	NL	1	1	0.5	2.19	4	4	0	1	1	0	24.2	21	6	6	1	3	0	28	2	0	0	102	179.0	1.96	0.973	7.7	0.4	1.1	10.2	9.33
310	311.0	Daniel Norris*\norrida01	28.0	DET	AL	0	1	0.0	9.0	6	0	1	0	0	0	6.0	10	6	6	1	2	0	4	0	0	0	27	51.0	4.93	2.0	15.0	1.5	3.0	6.0	2.0
311	312.0	Darren O'Day\odayda01	38.0	NYY	AL	0	0		1.5	7	0	1	0	0	0	6.0	6	1	1	1	1	0	7	0	0	0	25	280.0	3.43	1.167	9.0	1.5	1.5	10.5	7.0
312	313.0	Jake Odorizzi\odorija01	31.0	HOU	AL	0	2	0.0	10.57	2	2	0	0	0	0	7.2	10	9	9	3	3	0	11	0	0	0	36	42.0	6.49	1.696	11.7	3.5	3.5	12.9	3.67
313	314.0	Shohei Ohtani\ohtansh01	26.0	LAA	AL	0	0		1.04	2	2	0	0	0	0	8.2	3	3	1	0	11	0	14	1	0	1	41	437.0	4.02	1.615	3.1	0.0	11.4	14.5	1.27
314	315.0	Adam Ottavino\ottavad01	35.0	BOS	AL	2	1	0.667	6.75	8	0	2	0	0	0	6.2	7	5	5	0	6	0	9	1	0	0	35	68.0	3.55	1.95	9.5	0.0	8.1	12.2	1.5
315	316.0	Johan Oviedo\oviedjo01	23.0	STL	NL	0	0		0.0	1	0	0	0	0	0	4.2	2	0	0	0	2	0	4	0	0	0	17		2.67	0.857	3.9	0.0	3.9	7.7	2.0
316	317.0	Luis Oviedo\oviedlu01	22.0	PIT	NL	0	1	0.0	9.45	4	0	1	0	0	0	6.2	6	7	7	2	4	0	6	0	0	0	30	44.0	7.0	1.5	8.1	2.7	5.4	8.1	1.5
317	318.0	Chris Paddack\paddach01	25.0	SDP	NL	1	2	0.33299999999999996	3.5	4	4	0	0	0	0	18.0	18	14	7	1	7	0	17	0	0	0	81	105.0	3.1	1.389	9.0	0.5	3.5	8.5	2.43
318	319.0	Emilio Pagan\paganem01	30.0	SDP	NL	2	0	1.0	3.24	10	0	2	0	0	0	8.1	7	3	3	3	4	0	10	0	0	0	35	116.0	6.82	1.32	7.6	3.2	4.3	10.8	2.5
319	320.0	Enoli Paredes\pareden01	25.0	HOU	AL	0	0		0.0	3	0	0	0	0	0	1.1	2	1	0	0	6	0	2	0	0	0	12		13.6	6.0	13.5	0.0	40.5	13.5	0.33
320	321.0	James Paxton*\paxtoja01	32.0	SEA	AL	0	0		6.75	1	1	0	0	0	0	1.1	0	1	1	0	1	0	2	0	0	1	5	75.0	2.35	0.75	0.0	0.0	6.8	13.5	2.0
321	322.0	Joel Payamps\payamjo01	27.0	TOR	AL	0	1	0.0	1.08	5	0	3	0	0	0	8.1	6	1	1	1	1	0	5	0	0	0	31	409.0	3.82	0.84	6.5	1.1	1.1	5.4	5.0
322	323.0	Matt Peacock\peacoma01	27.0	ARI	NL	1	0	1.0	0.0	3	0	3	0	0	0	5.1	2	2	0	0	2	1	3	0	0	0	20		3.1	0.75	3.4	0.0	3.4	5.1	1.5
323	324.0	Freddy Peralta\peralfr01	25.0	MIL	NL	2	0	1.0	2.0	4	3	0	0	0	0	18.0	8	4	4	2	12	0	31	1	0	1	73	205.0	3.26	1.111	4.0	1.0	6.0	15.5	2.58
324	325.0	Wandy Peralta*\peralwa01	29.0	SFG	NL	2	1	0.667	4.91	9	0	5	0	0	2	7.1	9	4	4	1	3	0	7	0	1	1	32	80.0	4.19	1.636	11.0	1.2	3.7	8.6	2.33
325	326.0	Angel Perdomo*\perdoan01	27.0	MIL	NL	0	0		0.0	3	0	1	0	0	0	2.2	1	0	0	0	1	0	4	0	0	0	10		1.22	0.75	3.4	0.0	3.4	13.5	4.0
326	327.0	Cionel Pérez*\perezci01	25.0	CIN	NL	1	2	0.33299999999999996	8.31	10	0	1	0	0	0	8.2	6	10	8	1	8	1	8	0	0	1	41	55.0	5.52	1.615	6.2	1.0	8.3	8.3	1.0
327	328.0	Hernan Perez\perezhe01	30.0	WSN	NL	0	0		0.0	2	0	2	0	0	0	2.0	1	0	0	0	0	0	2	0	0	0	7		1.1	0.5	4.5	0.0	0.0	9.0	
328	329.0	Martin Perez*\perezma02	30.0	BOS	AL	0	1	0.0	5.93	3	3	0	0	0	0	13.2	16	9	9	1	5	0	12	4	0	1	65	75.0	4.27	1.537	10.5	0.7	3.3	7.9	2.4
329	330.0	Oliver Perez*\perezol01	39.0	CLE	AL	0	1	0.0	0.0	5	0	3	0	0	0	3.2	5	1	0	0	1	1	4	0	0	0	18		1.73	1.636	12.3	0.0	2.5	9.8	4.0
330	331.0	David Peterson*\peterda01	25.0	NYM	NL	1	2	0.33299999999999996	6.75	3	3	0	0	0	0	13.1	14	13	10	3	4	0	18	1	0	0	58	58.0	4.45	1.35	9.5	2.0	2.7	12.2	4.5
331	332.0	Yusmeiro Petit\petityu01	36.0	OAK	AL	3	0	1.0	1.69	10	0	1	0	0	0	10.2	9	2	2	1	2	0	5	0	0	0	41	232.0	3.94	1.031	7.6	0.8	1.7	4.2	2.5
332	333.0	David Phelps\phelpda01	34.0	TOR	AL	0	0		1.5	7	1	1	0	0	0	6.0	6	2	1	0	3	0	6	0	0	0	25	299.0	2.6	1.5	9.0	0.0	4.5	9.0	2.0
333	334.0	Michael Pineda\pinedmi01	32.0	MIN	AL	1	0	1.0	1.0	3	3	0	0	0	0	18.0	10	3	2	2	3	0	17	0	0	0	67	399.0	3.15	0.722	5.0	1.0	1.5	8.5	5.67
334	335.0	Nick Pivetta\pivetni01	28.0	BOS	AL	2	0	1.0	3.48	4	4	0	0	0	0	20.2	14	8	8	1	14	0	18	0	0	1	85	127.0	4.01	1.355	6.1	0.4	6.1	7.8	1.29
335	336.0	Zach Plesac\plesaza01	26.0	CLE	AL	1	3	0.25	6.75	4	4	0	0	0	0	18.2	23	14	14	3	2	0	14	0	0	0	80	65.0	4.01	1.339	11.1	1.4	1.0	6.8	7.0
336	337.0	Adam Plutko\plutkad01	29.0	BAL	AL	1	0	1.0	1.64	7	0	0	0	0	0	11.0	8	2	2	1	3	0	8	0	0	0	43	270.0	3.64	1.0	6.5	0.8	2.5	6.5	2.67
337	338.0	Drew Pomeranz*\pomerdr01	32.0	SDP	NL	0	0		1.35	7	0	1	0	0	0	6.2	6	1	1	1	3	0	13	0	0	0	29	283.0	2.5	1.35	8.1	1.4	4.1	17.6	4.33
338	339.0	Daniel Ponce de Leon\ponceda01	29.0	STL	NL	1	1	0.5	9.64	4	2	2	0	0	0	9.1	11	10	10	2	7	1	4	3	0	0	49	40.0	8.24	1.929	10.6	1.9	6.8	3.9	0.57
339	340.0	Zach Pop\popza01	24.0	MIA	NL	0	0		9.95	6	0	0	0	0	0	6.1	3	7	7	2	3	0	7	2	0	0	27	42.0	7.36	0.9470000000000001	4.3	2.8	4.3	9.9	2.33
340	341.0	Sean Poppen\poppese01	27.0	PIT	NL	0	0		0.0	1	0	0	0	0	0	2.0	2	0	0	0	0	0	2	1	0	0	8		2.6	1.0	9.0	0.0	0.0	9.0	
341	342.0	Ryan Pressly\pressry01	32.0	HOU	AL	1	0	1.0	0.0	7	0	7	0	0	1	7.0	7	0	0	0	1	0	8	0	0	0	28		1.24	1.143	9.0	0.0	1.3	10.3	8.0
342	343.0	David Price*\priceda01	35.0	LAD	NL	1	0	1.0	5.19	6	0	2	0	0	1	8.2	11	5	5	3	4	1	10	0	0	0	40	74.0	6.67	1.7309999999999999	11.4	3.1	4.2	10.4	2.5
343	344.0	A.J. Puk*\pukaj01	26.0	OAK	AL	0	0		0.0	1	0	0	0	0	0	3.1	1	0	0	0	3	0	4	0	0	1	14		3.4	1.2	2.7	0.0	8.1	10.8	1.33
344	345.0	Cal Quantrill\quantca01	26.0	CLE	AL	0	0		4.0	6	0	0	0	0	0	9.0	10	4	4	2	6	0	4	0	0	0	41	111.0	7.1	1.778	10.0	2.0	6.0	4.0	0.67
345	346.0	Jose Quintana*\quintjo01	32.0	LAA	AL	0	1	0.0	9.0	3	3	0	0	0	0	10.0	12	12	10	0	11	0	17	0	0	2	54	50.0	3.0	2.3	10.8	0.0	9.9	15.3	1.55
346	347.0	Tanner Rainey\raineta01	28.0	WSN	NL	0	1	0.0	8.53	7	0	1	0	0	0	6.1	8	6	6	2	3	0	7	0	0	0	30	48.0	6.41	1.7369999999999999	11.4	2.8	4.3	9.9	2.33
347	348.0	Brooks Raley*\raleybr01	33.0	HOU	AL	0	0		9.39	9	0	2	0	0	1	7.2	8	8	8	2	3	0	9	0	0	0	34	47.0	5.31	1.435	9.4	2.3	3.5	10.6	3.0
348	349.0	Nick Ramirez*\ramirni01	31.0	SDP	NL	0	0		0.0	2	0	1	0	0	0	3.0	2	0	0	0	0	0	2	0	0	0	11		1.76	0.667	6.0	0.0	0.0	6.0	
349	350.0	Drew Rasmussen\rasmudr01	25.0	MIL	NL	0	1	0.0	9.95	7	0	5	0	0	0	6.1	8	8	7	2	3	0	8	0	0	2	31	43.0	6.1	1.7369999999999999	11.4	2.8	4.3	11.4	2.67
350	351.0	Robbie Ray*\rayro02	29.0	TOR	AL	0	1	0.0	1.8	2	2	0	0	0	0	10.0	7	2	2	1	9	0	6	0	0	1	44	244.0	5.9	1.6	6.3	0.9	8.1	5.4	0.67
351	352.0	Cody Reed*\reedco01	28.0	TBR	AL	0	1	0.0	2.7	5	0	1	0	0	0	3.1	4	2	1	1	3	0	3	1	0	0	17	158.0	8.8	2.1	10.8	2.7	8.1	8.1	1.0
352	353.0	Sean Reid-Foley\reidfse01	25.0	NYM	NL	0	0		0.0	1	0	0	0	0	0	3.0	0	0	0	0	0	0	4	0	0	0	9		0.43	0.0	0.0	0.0	0.0	12.0	
353	354.0	Alex Reyes\reyesal02	26.0	STL	NL	0	0		0.0	8	0	8	0	0	3	7.2	4	0	0	0	6	0	6	0	0	3	33		3.88	1.304	4.7	0.0	7.0	7.0	1.0
354	355.0	Garrett Richards\richaga01	33.0	BOS	AL	0	2	0.0	6.48	4	4	0	0	0	0	16.2	18	14	12	2	13	0	12	1	0	1	83	69.0	5.74	1.86	9.7	1.1	7.0	6.5	0.92
355	356.0	Trevor Richards\richatr01	28.0	TBR	AL	0	0		5.63	3	0	2	0	0	1	8.0	6	5	5	2	1	0	10	0	0	1	30	71.0	4.22	0.875	6.8	2.3	1.1	11.3	10.0
356	357.0	Tanner Roark\roarkta01	34.0	TOR	AL	0	1	0.0	6.43	3	1	1	0	0	0	7.0	7	7	5	3	2	0	5	0	0	0	31	69.0	8.1	1.286	9.0	3.9	2.6	6.4	2.5
357	358.0	Hansel Robles\robleha01	30.0	MIN	AL	0	1	0.0	6.43	8	0	2	0	0	0	7.0	3	6	5	0	3	1	9	1	0	0	28	64.0	2.24	0.857	3.9	0.0	3.9	11.6	3.0
358	359.0	Carlos Rodon*\rodonca01	28.0	CHW	AL	3	0	1.0	0.47	3	3	0	1	1	0	19.0	5	2	1	1	8	0	24	3	0	1	74	884.0	2.99	0.684	2.4	0.5	3.8	11.4	3.0
359	360.0	Chris Rodriguez\rodrich01	22.0	LAA	AL	0	0		3.48	5	0	1	0	0	0	10.1	8	4	4	0	6	0	14	1	0	1	46	129.0	2.42	1.355	7.0	0.0	5.2	12.2	2.33
360	361.0	Eduardo Rodriguez*\rodried05	28.0	BOS	AL	3	0	1.0	3.38	3	3	0	0	0	0	16.0	12	6	6	4	2	0	18	0	0	0	62	132.0	4.47	0.875	6.8	2.3	1.1	10.1	9.0
361	362.0	Joely Rodriguez*\rodrijo06	29.0	TEX	AL	0	1	0.0	6.75	3	0	0	0	0	0	2.2	3	2	2	0	0	0	5	0	0	0	11	72.0	-0.66	1.125	10.1	0.0	0.0	16.9	
362	363.0	Nivaldo Rodriguez\rodrini01	24.0	HOU	AL	0	0		3.0	1	0	1	0	0	0	3.0	1	1	1	1	2	0	3	0	0	0	12	157.0	7.43	1.0	3.0	3.0	6.0	9.0	1.5
363	364.0	Richard Rodriguez\rodriri05	31.0	PIT	NL	1	0	1.0	0.0	8	0	7	0	0	3	8.1	1	0	0	0	1	0	8	0	0	1	27		1.54	0.24	1.1	0.0	1.1	8.6	8.0
364	365.0	Chaz Roe\roech01	34.0	TBR	AL	0	0		27.0	1	0	0	0	0	0	0.2	1	2	2	0	1	0	2	0	0	0	4	23.0	1.6	3.0	13.5	0.0	13.5	27.0	2.0
365	366.0	Taylor Rogers*\rogerta01	30.0	MIN	AL	0	1	0.0	0.0	6	0	1	0	0	0	7.2	6	1	0	0	1	1	9	0	0	0	28		1.14	0.9129999999999999	7.0	0.0	1.2	10.6	9.0
366	367.0	Trevor Rogers*\rogertr01	23.0	MIA	NL	2	1	0.667	1.64	4	4	0	0	0	0	22.0	12	5	4	1	10	0	31	1	1	1	87	247.0	2.37	1.0	4.9	0.4	4.1	12.7	3.1
367	368.0	Tyler Rogers\rogerty01	30.0	SFG	NL	0	0		0.71	12	0	1	0	0	1	12.2	6	2	1	1	3	0	8	2	0	0	49	538.0	4.04	0.711	4.3	0.7	2.1	5.7	2.67
368	369.0	Jordan Romano\romanjo03	28.0	TOR	AL	1	0	1.0	2.7	4	0	0	0	0	0	3.1	4	1	1	0	3	0	4	0	0	0	17	174.0	3.4	2.1	10.8	0.0	8.1	10.8	1.33
369	370.0	Sal Romano\romansa01	27.0	CIN	NL	0	0		4.61	8	0	4	0	0	0	13.2	12	7	7	4	4	1	7	0	1	0	56	97.0	6.75	1.171	7.9	2.6	2.6	4.6	1.75
370	371.0	JoJo Romero*\romerjo01	24.0	PHI	NL	0	0		13.5	5	0	1	0	0	0	3.1	7	6	5	3	2	1	2	1	0	0	21	32.0	16.3	2.7	18.9	8.1	5.4	5.4	1.0
371	372.0	Sergio Romo\romose01	38.0	OAK	AL	0	0		12.79	7	0	1	0	0	0	6.1	12	9	9	1	3	1	4	2	0	0	36	31.0	6.25	2.3680000000000003	17.1	1.4	4.3	5.7	1.33
372	373.0	Joe Ross\rossjo01	28.0	WSN	NL	1	1	0.5	5.87	3	3	0	0	0	0	15.1	14	10	10	4	6	1	14	1	0	0	64	67.0	6.03	1.304	8.2	2.3	3.5	8.2	2.33
373	374.0	Ramon Rosso\rossora01	25.0	PHI	NL	0	0		0.0	1	0	1	0	0	0	1.1	1	0	0	0	0	0	0	0	0	0	4		3.1	0.75	6.8	0.0	0.0	0.0	
374	375.0	Ben Rowen\rowenbe01	32.0	LAA	AL	0	0		0.0	3	0	2	0	0	0	4.0	2	1	0	0	0	0	2	0	0	0	14		2.1	0.5	4.5	0.0	0.0	4.5	
375	376.0	Jose Ruiz\ruizjo01	26.0	CHW	AL	0	1	0.0	2.7	6	0	3	0	0	0	6.2	3	2	2	0	4	1	7	0	1	0	27	161.0	2.8	1.05	4.1	0.0	5.4	9.5	1.75
376	377.0	Hyun Jin Ryu*\ryuhy01	34.0	TOR	AL	1	2	0.33299999999999996	3.0	4	4	0	0	0	0	24.0	23	9	8	3	2	0	21	0	0	0	96	143.0	3.22	1.042	8.6	1.1	0.8	7.9	10.5
377	378.0	Casey Sadler\sadleca02	30.0	SEA	AL	0	1	0.0	2.35	8	0	1	0	0	0	7.2	7	3	2	0	5	0	9	0	0	2	35	176.0	2.7	1.565	8.2	0.0	5.9	10.6	1.8
378	379.0	Aaron Sanchez\sanchaa01	28.0	SFG	NL	1	1	0.5	1.83	4	4	0	0	0	0	19.2	16	4	4	1	4	0	14	3	0	0	80	207.0	3.4	1.0170000000000001	7.3	0.5	1.8	6.4	3.5
379	380.0	Dennis Santana\santade01	25.0	LAD	NL	0	0		4.91	4	0	1	0	0	0	3.2	5	2	2	0	2	0	3	1	0	0	18	83.0	3.91	1.909	12.3	0.0	4.9	7.4	1.5
380	381.0	Ervin Santana\santaer01	38.0	KCR	AL	0	0		5.4	2	1	0	0	0	0	5.0	6	3	3	1	0	0	2	0	0	0	20	88.0	4.9	1.2	10.8	1.8	0.0	3.6	
381	382.0	Gregory Santos\santogr01	21.0	SFG	NL	0	0		0.0	1	0	0	0	0	0	1.0	0	0	0	0	0	0	2	0	0	0	3		-0.91	0.0	0.0	0.0	0.0	18.0	
382	383.0	Hirokazu Sawamura\sawamhi01	33.0	BOS	AL	0	0		2.08	8	0	1	0	0	0	8.2	5	2	2	1	5	0	7	1	0	0	35	218.0	5.06	1.1540000000000001	5.2	1.0	5.2	7.3	1.4
383	384.0	Josh Sborz\sborzjo01	27.0	TEX	AL	1	1	0.5	7.2	6	0	0	0	0	0	5.0	4	4	4	0	4	0	5	0	0	0	23	64.0	3.5	1.6	7.2	0.0	7.2	9.0	1.25
384	385.0	Mac Sceroler\sceroma01	26.0	BAL	AL	0	0		7.36	2	0	1	0	0	0	3.2	5	3	3	2	3	0	6	1	0	1	21	64.0	10.19	2.182	12.3	4.9	7.4	14.7	2.0
385	386.0	Max Scherzer\scherma01	36.0	WSN	NL	1	1	0.5	1.8	4	4	0	0	0	0	25.0	14	5	5	4	4	0	33	1	0	0	92	218.0	3.14	0.72	5.0	1.4	1.4	11.9	8.25
386	387.0	Tanner Scott*\scottta01	26.0	BAL	AL	0	2	0.0	2.57	7	0	1	0	0	0	7.0	5	3	2	0	4	0	9	1	0	0	31	175.0	2.67	1.286	6.4	0.0	5.1	11.6	2.25
387	388.0	Antonio Senzatela\senzaan01	26.0	COL	NL	1	3	0.25	5.4	4	4	0	0	0	0	20.0	23	14	12	3	5	0	11	1	0	1	89	85.0	4.85	1.4	10.4	1.4	2.3	5.0	2.2
388	389.0	Bryan Shaw\shawbr01	33.0	CLE	AL	0	0		1.35	7	0	1	0	0	0	6.2	1	1	1	1	5	0	7	0	0	0	26	334.0	5.2	0.9	1.4	1.4	6.8	9.5	1.4
389	390.0	Jordan Sheffield\sheffjo01	26.0	COL	NL	0	0		0.0	4	0	4	0	0	0	3.2	1	0	0	0	0	0	1	1	0	2	13		3.37	0.273	2.5	0.0	0.0	2.5	
390	391.0	Justus Sheffield*\sheffju01	25.0	SEA	AL	1	1	0.5	4.86	3	3	0	0	0	0	16.2	15	11	9	3	7	0	16	2	0	0	72	83.0	5.14	1.32	8.1	1.6	3.8	8.6	2.29
391	392.0	Ryan Sherriff*\sherrry01	31.0	TBR	AL	0	0		27.0	1	0	0	0	0	0	0.1	2	1	1	0	0	0	0	0	0	0	3	31.0	3.1	6.0	54.0	0.0	0.0	0.0	
392	393.0	Matt Shoemaker\shoemma01	34.0	MIN	AL	1	1	0.5	6.28	3	3	0	0	0	0	14.1	14	10	10	5	5	0	12	1	0	1	65	64.0	7.21	1.3259999999999998	8.8	3.1	3.1	7.5	2.4
393	394.0	Lucas Sims\simslu01	27.0	CIN	NL	0	1	0.0	6.43	8	0	1	0	0	1	7.0	3	6	5	1	3	0	11	2	0	0	29	71.0	3.95	0.857	3.9	1.3	3.9	14.1	3.67
394	395.0	Brady Singer\singebr01	24.0	KCR	AL	0	2	0.0	3.77	3	3	0	0	0	0	14.1	14	10	6	1	6	0	17	1	0	0	64	121.0	3.1	1.395	8.8	0.6	3.8	10.7	2.83
395	396.0	Tarik Skubal*\skubata01	24.0	DET	AL	0	2	0.0	4.96	4	3	1	0	0	0	16.1	14	10	9	4	12	0	14	0	0	0	75	89.0	6.77	1.5919999999999999	7.7	2.2	6.6	7.7	1.17
396	397.0	Aaron Slegers\slegeaa01	28.0	LAA	AL	1	0	1.0	3.86	8	0	1	0	0	0	7.0	12	3	3	0	0	0	7	0	0	1	31	119.0	1.1	1.714	15.4	0.0	0.0	9.0	
397	398.0	Burch Smith\smithbu03	31.0	OAK	AL	0	0		3.0	2	0	0	0	0	0	3.0	3	1	1	0	1	0	1	0	0	0	12	143.0	3.43	1.3330000000000002	9.0	0.0	3.0	3.0	1.0
398	399.0	Caleb Smith*\smithca03	29.0	ARI	NL	1	1	0.5	2.63	7	1	0	0	0	0	13.2	11	5	4	1	8	0	16	2	0	0	61	155.0	3.9	1.39	7.2	0.7	5.3	10.5	2.0
399	400.0	Joe Smith\smithjo05	37.0	HOU	AL	0	1	0.0	12.71	9	0	2	0	0	0	5.2	13	8	8	2	2	0	6	2	0	0	34	35.0	7.68	2.647	20.6	3.2	3.2	9.5	3.0
400	401.0	Riley Smith\smithri01	26.0	ARI	NL	1	0	1.0	4.15	4	1	1	0	0	0	13.0	15	7	6	1	6	1	7	0	0	0	58	99.0	4.4	1.615	10.4	0.7	4.2	4.8	1.17
401	402.0	Will Smith*\smithwi04	31.0	ATL	NL	0	2	0.0	4.5	9	0	6	0	0	3	8.0	5	4	4	0	6	0	13	1	0	0	35	99.0	2.47	1.375	5.6	0.0	6.8	14.6	2.17
402	403.0	Drew Smyly*\smylydr01	32.0	ATL	NL	0	0		5.73	2	2	0	0	0	0	11.0	9	9	7	3	1	0	11	0	0	0	43	77.0	4.91	0.909	7.4	2.5	0.8	9.0	11.0
403	404.0	Blake Snell*\snellbl01	28.0	SDP	NL	0	0		4.11	4	4	0	0	0	0	15.1	11	7	7	2	10	1	24	1	0	0	70	90.0	3.81	1.37	6.5	1.2	5.9	14.1	2.4
404	405.0	Peter Solomon\solompe01	24.0	HOU	AL	0	0		0.0	2	0	2	0	0	0	2.0	1	0	0	0	1	0	2	0	0	0	8		2.6	1.0	4.5	0.0	4.5	9.0	2.0
405	406.0	Joakim Soria\soriajo01	37.0	ARI	NL	0	0		0.0	1	0	0	0	0	0	0.2	0	0	0	0	2	0	0	0	0	1	4		12.1	3.0	0.0	0.0	27.0	0.0	0.0
406	407.0	Gregory Soto*\sotogr01	26.0	DET	AL	1	1	0.5	3.12	9	0	6	0	0	2	8.2	8	4	3	1	6	0	11	0	0	2	41	144.0	4.13	1.615	8.3	1.0	6.2	11.4	1.83
407	408.0	Jeffrey Springs*\sprinje01	28.0	TBR	AL	0	0		4.7	8	0	2	0	0	1	7.2	8	5	4	1	1	0	9	0	0	1	32	86.0	2.83	1.1740000000000002	9.4	1.2	1.2	10.6	9.0
408	409.0	Craig Stammen\stammcr01	37.0	SDP	NL	1	1	0.5	3.29	8	0	2	0	0	1	13.2	13	5	5	3	2	0	15	0	0	0	54	112.0	4.19	1.0979999999999999	8.6	2.0	1.3	9.9	7.5
409	410.0	Ryne Stanek\stanery01	29.0	HOU	AL	0	1	0.0	2.89	9	0	1	0	0	0	9.1	2	3	3	2	3	0	14	2	0	0	34	151.0	4.49	0.536	1.9	1.9	2.9	13.5	4.67
410	411.0	Cody Stashak\stashco01	27.0	MIN	AL	0	0		7.2	6	0	0	0	0	0	5.0	5	4	4	1	2	0	12	1	0	0	23	58.0	2.7	1.4	9.0	1.8	3.6	21.6	6.0
411	412.0	Josh Staumont\staumjo01	27.0	KCR	AL	0	0		1.0	7	0	1	0	0	0	9.0	3	1	1	0	3	0	6	2	0	0	34	461.0	3.43	0.667	3.0	0.0	3.0	6.0	2.0
412	413.0	Drew Steckenrider\steckdr01	30.0	SEA	AL	1	1	0.5	5.4	6	0	1	0	0	0	6.2	8	4	4	0	4	0	7	0	0	0	31	77.0	2.8	1.8	10.8	0.0	5.4	9.5	1.75
413	414.0	Justin Steele*\steelju01	25.0	CHC	NL	0	0		0.0	3	0	1	0	0	0	3.1	2	0	0	0	1	0	4	2	0	0	14		3.4	0.9	5.4	0.0	2.7	10.8	4.0
414	415.0	Trevor Stephan\stephtr01	25.0	CLE	AL	0	0		6.43	5	0	3	0	0	0	7.0	9	5	5	2	3	0	10	1	0	0	35	70.0	5.67	1.714	11.6	2.6	3.9	12.9	3.33
415	416.0	Robert Stephenson\stephro01	28.0	COL	NL	0	0		3.24	9	0	1	0	0	0	8.1	11	5	3	2	1	0	9	0	0	0	38	146.0	4.42	1.44	11.9	2.2	1.1	9.7	9.0
416	417.0	Stephen Strasburg\strasst01	32.0	WSN	NL	0	1	0.0	6.3	2	2	0	0	0	0	10.0	9	8	7	3	7	2	11	0	0	0	46	64.0	6.9	1.6	8.1	2.7	6.3	9.9	1.57
417	418.0	Chris Stratton\stratch01	30.0	PIT	NL	1	0	1.0	5.79	9	0	1	0	0	0	9.1	10	6	6	2	2	0	7	0	0	0	38	71.0	5.02	1.286	9.6	1.9	1.9	6.8	3.5
418	419.0	Hunter Strickland\strichu01	32.0	TBR	AL	0	0		2.7	5	0	2	0	0	0	6.2	5	2	2	1	2	0	9	0	0	1	27	150.0	3.25	1.05	6.8	1.4	2.7	12.2	4.5
419	420.0	Ross Stripling\stripro01	31.0	TOR	AL	0	1	0.0	7.56	2	2	0	0	0	0	8.1	13	7	7	2	3	0	10	0	0	0	41	58.0	4.9	1.92	14.0	2.2	3.2	10.8	3.33
420	421.0	Marcus Stroman\stromma01	30.0	NYM	NL	3	0	1.0	0.9	3	3	0	0	0	0	20.0	10	2	2	1	3	0	11	1	0	1	71	429.0	3.25	0.65	4.5	0.5	1.4	5.0	3.67
421	422.0	Pedro Strop\stroppe01	36.0	CHC	NL	1	0	1.0	0.0	2	0	0	0	0	0	2.0	2	0	0	0	2	0	3	0	0	0	10		3.1	2.0	9.0	0.0	9.0	13.5	1.5
422	423.0	Wander Suero\suerowa01	29.0	WSN	NL	0	0		1.42	8	0	2	0	0	0	6.1	3	1	1	0	3	0	5	0	0	2	25	289.0	2.94	0.9470000000000001	4.3	0.0	4.3	7.1	1.67
423	424.0	Cole Sulser\sulseco01	31.0	BAL	AL	0	0		0.0	3	0	1	0	0	0	4.1	5	0	0	0	0	0	7	0	0	1	17		-0.14	1.1540000000000001	10.4	0.0	0.0	14.5	
424	425.0	Brent Suter*\suterbr01	31.0	MIL	NL	1	1	0.5	3.09	8	0	0	0	0	0	11.2	11	5	4	1	2	0	11	0	0	0	46	135.0	2.84	1.114	8.5	0.8	1.5	8.5	5.5
425	426.0	Erik Swanson\swanser01	27.0	SEA	AL	0	0		0.0	1	0	0	0	0	0	2.0	0	0	0	0	1	0	1	0	0	0	6		3.6	0.5	0.0	0.0	4.5	4.5	1.0
426	427.0	Anthony Swarzak\swarzan01	35.0	ARI	NL	0	1	0.0	9.64	6	0	1	0	0	0	4.2	7	5	5	1	1	0	4	0	1	0	21	45.0	4.81	1.714	13.5	1.9	1.9	7.7	4.0
427	428.0	Jameson Taillon\taillja01	29.0	NYY	AL	0	1	0.0	5.4	3	3	0	0	0	0	13.1	15	8	8	3	2	0	15	1	0	1	57	75.0	4.45	1.275	10.1	2.0	1.4	10.1	7.5
428	429.0	Dillon Tate\tatedi01	27.0	BAL	AL	0	1	0.0	4.15	6	0	1	0	0	0	4.1	3	3	2	0	2	0	3	1	0	1	18	111.0	3.79	1.1540000000000001	6.2	0.0	4.2	6.2	1.5
429	430.0	Blake Taylor*\taylobl01	25.0	HOU	AL	0	0		6.75	7	0	1	0	0	0	5.1	8	5	4	2	2	1	4	0	0	0	27	66.0	7.6	1.875	13.5	3.4	3.4	6.8	2.0
430	431.0	Josh Taylor*\taylojo02	28.0	BOS	AL	0	0		10.8	8	0	2	0	0	0	6.2	15	8	8	0	5	0	7	0	0	1	39	42.0	3.25	3.0	20.3	0.0	6.8	9.5	1.4
431	432.0	Julio Teheran\teherju01	30.0	DET	AL	1	0	1.0	1.8	1	1	0	0	0	0	5.0	4	1	1	1	3	0	3	0	0	0	20	257.0	6.3	1.4	7.2	1.8	5.4	5.4	1.0
432	433.0	Ryan Tepera\teperry01	33.0	CHC	NL	0	0		6.14	8	0	1	0	0	0	7.1	5	5	5	2	4	0	6	2	0	0	30	65.0	7.46	1.227	6.1	2.5	4.9	7.4	1.5
433	434.0	Caleb Thielbar*\thielca01	34.0	MIN	AL	0	0		5.14	5	0	1	0	0	0	7.0	9	4	4	3	1	1	15	0	0	3	31	80.0	4.81	1.429	11.6	3.9	1.3	19.3	15.0
434	435.0	Ryan Thompson\thompry02	29.0	TBR	AL	1	1	0.5	3.6	9	0	1	0	0	0	10.0	5	5	4	1	3	0	7	1	0	1	38	110.0	4.2	0.8	4.5	0.9	2.7	6.3	2.33
435	436.0	Trent Thornton\thorntr01	27.0	TOR	AL	0	0		1.86	6	1	0	0	0	0	9.2	8	2	2	0	3	0	6	0	0	0	38	236.0	2.78	1.138	7.4	0.0	2.8	5.6	2.0
436	437.0	Lewis Thorpe*\thorple01	25.0	MIN	AL	0	0		3.6	2	1	1	0	0	0	5.0	3	2	2	0	1	0	3	0	0	0	18	117.0	2.5	0.8	5.4	0.0	1.8	5.4	3.0
437	438.0	Ty Tice\ticety01	24.0	TOR	AL	0	0		0.0	1	0	1	0	0	0	2.0	1	0	0	0	1	0	0	1	0	0	9		6.1	1.0	4.5	0.0	4.5	0.0	0.0
438	439.0	Ka'ai Tom\tomka01	27.0	OAK	AL	0	0		0.0	1	0	1	0	0	0	1.0	1	0	0	0	0	0	0	0	0	0	4		3.1	1.0	9.0	0.0	0.0	0.0	
439	440.0	Josh Tomlin\tomlijo01	36.0	ATL	NL	2	0	1.0	4.5	7	0	1	0	0	0	8.0	11	4	4	0	1	0	5	0	0	0	35	99.0	2.22	1.5	12.4	0.0	1.1	5.6	5.0
440	441.0	Blake Treinen\treinbl01	33.0	LAD	NL	1	1	0.5	3.38	8	0	0	0	0	0	8.0	12	4	3	1	4	1	8	0	0	0	38	114.0	4.22	2.0	13.5	1.1	4.5	9.0	2.0
441	442.0	Lou Trivino\trivilo01	29.0	OAK	AL	1	0	1.0	1.38	11	0	4	0	0	2	13.0	6	3	2	2	5	0	15	0	0	1	48	281.0	3.94	0.846	4.2	1.4	3.5	10.4	3.0
442	443.0	Spencer Turnbull\turnbsp01	28.0	DET	AL	1	0	1.0	1.8	1	1	0	0	0	0	5.0	2	1	1	0	2	0	6	0	0	0	19	257.0	1.9	0.8	3.6	0.0	3.6	10.8	3.0
443	444.0	Duane Underwood Jr.\underdu01	26.0	PIT	NL	0	0		2.53	7	0	1	0	0	0	10.2	10	3	3	0	4	0	16	1	0	0	46	161.0	1.5	1.3130000000000002	8.4	0.0	3.4	13.5	4.0
444	445.0	Jose Urena\urenajo01	29.0	DET	AL	0	3	0.0	4.57	4	4	0	0	0	0	21.2	19	12	11	1	12	0	19	0	0	1	93	96.0	3.6	1.431	7.9	0.4	5.0	7.9	1.58
445	446.0	Julio Urias*\uriasju01	24.0	LAD	NL	3	0	1.0	2.81	4	4	0	0	0	0	25.2	20	9	8	3	4	1	26	0	0	0	100	133.0	3.06	0.935	7.0	1.1	1.4	9.1	6.5
446	447.0	Jose Urquidy\urquijo01	26.0	HOU	AL	0	2	0.0	5.14	4	4	0	0	0	0	21.0	22	12	12	2	7	0	20	0	0	2	89	83.0	3.43	1.381	9.4	0.9	3.0	8.6	2.86
447	448.0	Cesar Valdez\valdece01	36.0	BAL	AL	2	0	1.0	0.96	8	0	5	0	0	4	9.1	7	2	1	0	1	0	10	1	0	0	38	460.0	1.6	0.857	6.8	0.0	1.0	9.6	10.0
448	449.0	Phillips Valdez\valdeph01	29.0	BOS	AL	1	0	1.0	2.0	7	0	6	0	0	0	9.0	2	3	2	0	2	0	7	0	0	3	31	226.0	2.21	0.444	2.0	0.0	2.0	7.0	3.5
449	450.0	Vince Velasquez\velasvi01	29.0	PHI	NL	0	0		9.0	3	0	1	0	0	0	4.0	3	4	4	0	8	0	9	0	0	0	22	47.0	4.6	2.75	6.8	0.0	18.0	20.3	1.13
450	451.0	Will Vest\vestwi01	26.0	SEA	AL	1	0	1.0	0.84	9	0	1	0	0	0	10.2	5	2	1	0	6	0	9	1	0	1	43	484.0	3.38	1.031	4.2	0.0	5.1	7.6	1.5
451	452.0	Austin Voth\vothau01	29.0	WSN	NL	0	0		1.93	4	0	1	0	0	0	4.2	4	1	1	0	3	1	4	0	0	0	20	217.0	3.31	1.5	7.7	0.0	5.8	7.7	1.33
452	453.0	Michael Wacha\wachami01	29.0	TBR	AL	1	1	0.5	4.35	4	3	0	0	0	0	20.2	17	11	10	3	8	0	21	0	0	1	83	89.0	4.11	1.21	7.4	1.3	3.5	9.1	2.63
453	454.0	Brandon Waddell*\waddebr01	27.0	MIN	AL	0	0		0.0	2	0	2	0	0	0	3.0	5	0	0	0	2	0	0	0	0	0	16		5.1	2.333	15.0	0.0	6.0	0.0	0.0
454	455.0	Adam Wainwright\wainwad01	39.0	STL	NL	0	2	0.0	5.03	4	4	0	0	0	0	19.2	24	12	11	3	6	1	24	2	0	0	90	75.0	3.86	1.525	11.0	1.4	2.7	11.0	4.0
455	456.0	Taijuan Walker\walketa01	28.0	NYM	NL	0	1	0.0	3.21	3	3	0	0	0	0	14.0	9	6	5	0	11	0	19	0	0	0	61	121.0	2.74	1.429	5.8	0.0	7.1	12.2	1.73
456	457.0	Tony Watson*\watsoto01	36.0	LAA	AL	1	0	1.0	1.8	6	0	1	0	0	0	5.0	4	1	1	1	1	0	3	0	0	0	20	259.0	5.1	1.0	7.2	1.8	1.8	5.4	3.0
457	458.0	Ryan Weathers*\weathry01	21.0	SDP	NL	1	0	1.0	0.59	5	2	1	0	0	1	15.1	4	1	1	1	5	0	16	1	0	0	54	628.0	3.03	0.5870000000000001	2.3	0.6	2.9	9.4	3.2
458	459.0	Luke Weaver\weavelu01	27.0	ARI	NL	1	1	0.5	3.78	3	3	0	0	0	0	16.2	13	7	7	4	1	0	14	1	0	0	66	108.0	4.9	0.84	7.0	2.2	0.5	7.6	14.0
459	460.0	Jacob Webb\webbja01	27.0	ATL	NL	0	1	0.0	7.71	4	0	2	0	0	0	4.2	8	5	4	2	1	0	4	0	0	1	23	59.0	7.6	1.929	15.4	3.9	1.9	7.7	4.0
460	461.0	Logan Webb\webblo01	24.0	SFG	NL	0	1	0.0	5.87	4	3	0	0	0	0	15.1	22	10	10	3	7	0	16	0	0	0	71	65.0	4.92	1.891	12.9	1.8	4.1	9.4	2.29
461	462.0	Tyler Webb*\webbty01	30.0	STL	NL	0	0		8.53	9	0	3	0	0	0	6.1	5	6	6	1	4	0	7	0	0	0	30	46.0	4.83	1.421	7.1	1.4	5.7	9.9	1.75
462	463.0	Jordan Weems\weemsjo01	28.0	OAK	AL	0	0		3.86	3	0	2	0	0	0	2.1	1	1	1	1	1	0	3	0	0	0	9	115.0	7.38	0.857	3.9	3.9	3.9	11.6	3.0
463	464.0	Tyler Wells\wellsty01	26.0	BAL	AL	0	0		4.76	4	0	1	0	0	0	5.2	4	3	3	2	2	0	5	0	0	0	22	95.0	6.98	1.0590000000000002	6.4	3.2	3.2	7.9	2.5
464	465.0	J.B. Wendelken\wendejb01	28.0	OAK	AL	0	0		3.12	11	0	3	0	0	0	8.2	8	4	3	0	5	0	12	0	0	1	40	127.0	2.06	1.5	8.3	0.0	5.2	12.5	2.4
465	466.0	Zack Wheeler\wheelza01	31.0	PHI	NL	1	2	0.33299999999999996	3.8	4	4	0	0	0	0	23.2	23	10	10	4	8	0	26	1	0	0	99	103.0	4.24	1.31	8.7	1.5	3.0	9.9	3.25
466	467.0	Kodi Whitley\whitlko01	26.0	STL	NL	0	0		4.91	2	0	0	0	0	0	3.2	3	2	2	1	1	0	3	0	0	0	15	84.0	5.82	1.091	7.4	2.5	2.5	7.4	3.0
467	468.0	Garrett Whitlock\whitlga01	25.0	BOS	AL	0	0		0.0	4	0	1	0	0	0	9.0	3	0	0	0	0	0	11	0	0	2	30		0.65	0.33299999999999996	3.0	0.0	0.0	11.0	
468	469.0	Taylor Widener\widenta01	26.0	ARI	NL	1	0	1.0	2.82	4	4	0	0	0	0	22.1	19	8	7	4	6	1	18	1	0	1	93	144.0	4.75	1.119	7.7	1.6	2.4	7.3	3.0
469	470.0	Brad Wieck*\wieckbr01	29.0	CHC	NL	0	0		0.0	1	0	1	0	0	0	1.0	1	0	0	0	1	0	2	0	0	0	5		2.1	2.0	9.0	0.0	9.0	18.0	2.0
470	471.0	Devin Williams\willide03	26.0	MIL	NL	0	0		6.35	6	0	0	0	0	0	5.2	4	4	4	2	6	0	8	1	1	0	28	68.0	8.57	1.765	6.4	3.2	9.5	12.7	1.33
471	472.0	Taylor Williams\willita01	29.0	SDP	NL	0	0		1.69	5	0	0	0	0	0	5.1	3	1	1	0	3	0	6	2	0	0	23	230.0	3.66	1.125	5.1	0.0	5.1	10.1	2.0
472	473.0	Trevor Williams\willitr01	29.0	CHC	NL	2	1	0.667	4.66	4	4	0	0	0	0	19.1	21	10	10	1	8	0	19	2	0	0	87	83.0	3.35	1.5	9.8	0.5	3.7	8.8	2.38
473	474.0	Bryse Wilson\wilsobr02	23.0	ATL	NL	1	0	1.0	3.6	1	1	0	0	0	0	5.0	7	3	2	2	1	0	1	0	0	0	21	127.0	8.5	1.6	12.6	3.6	1.8	1.8	1.0
474	475.0	Justin Wilson*\wilsoju10	33.0	NYY	AL	0	0		2.08	5	0	1	0	0	0	4.1	3	1	1	0	1	0	5	1	0	0	18	207.0	2.17	0.9229999999999999	6.2	0.0	2.1	10.4	5.0
475	476.0	Dan Winkler\winklda01	31.0	CHC	NL	1	0	1.0	1.42	8	0	2	0	0	0	6.1	3	1	1	0	7	0	7	0	0	1	28	283.0	4.2	1.579	4.3	0.0	9.9	9.9	1.0
476	477.0	Matt Wisler\wislema01	28.0	SFG	NL	0	2	0.0	9.0	10	0	0	0	0	0	7.0	6	7	7	1	4	0	9	0	0	0	30	44.0	4.1	1.429	7.7	1.3	5.1	11.6	2.25
477	478.0	Nick Wittgren\wittgni01	30.0	CLE	AL	0	1	0.0	10.13	6	0	1	0	0	1	5.1	8	6	6	1	4	0	5	0	0	0	27	45.0	5.91	2.25	13.5	1.7	6.8	8.4	1.25
478	479.0	Alex Wood*\woodal02	30.0	SFG	NL	1	0	1.0	0.0	1	1	0	0	0	0	5.0	3	0	0	0	0	0	4	0	0	0	17		1.5	0.6	5.4	0.0	0.0	7.2	
479	480.0	Jake Woodford\woodfja01	24.0	STL	NL	0	0		4.5	2	0	1	0	0	0	4.0	3	2	2	0	4	0	5	2	0	1	19	91.0	5.1	1.75	6.8	0.0	9.0	11.3	1.25
480	481.0	Brandon Woodruff\woodrbr01	28.0	MIL	NL	1	0	1.0	1.96	4	4	0	0	0	0	23.0	11	5	5	0	6	0	26	1	0	1	87	209.0	1.75	0.7390000000000001	4.3	0.0	2.3	10.2	4.33
481	482.0	Brandon Workman\workmbr01	32.0	CHC	NL	0	1	0.0	3.38	7	0	2	0	0	0	5.1	6	3	2	1	3	0	8	0	0	0	24	121.0	4.22	1.6880000000000002	10.1	1.7	5.1	13.5	2.67
482	483.0	Kyle Wright\wrighky01	25.0	ATL	NL	0	0		4.15	1	1	0	0	0	0	4.1	3	2	2	1	2	0	5	4	0	0	22	111.0	7.94	1.1540000000000001	6.2	2.1	4.2	10.4	2.5
483	484.0	Miguel Yajure\yajurmi01	23.0	PIT	NL	0	1	0.0	8.31	1	1	0	0	0	0	4.1	4	4	4	2	2	0	4	0	0	0	18	52.0	8.63	1.385	8.3	4.2	4.2	8.3	2.0
484	485.0	Ryan Yarbrough*\yarbrry01	29.0	TBR	AL	1	2	0.33299999999999996	5.4	4	3	0	0	0	0	21.2	25	16	13	1	4	0	15	2	1	0	95	72.0	3.14	1.338	10.4	0.4	1.7	6.2	3.75
485	486.0	Eric Yardley\yardler01	30.0	MIL	NL	0	0		6.43	7	0	1	0	0	0	7.0	9	5	5	1	3	1	3	2	0	0	34	66.0	6.24	1.714	11.6	1.3	3.9	3.9	1.0
486	487.0	Huascar Ynoa\ynoahu01	23.0	ATL	NL	0	1	0.0	3.94	4	3	0	0	0	0	16.0	13	7	7	4	3	0	20	0	0	2	63	111.0	4.41	1.0	7.3	2.3	1.7	11.3	6.67
487	488.0	Alex Young*\youngal01	27.0	ARI	NL	0	3	0.0	4.05	8	0	3	0	0	0	6.2	6	4	3	2	6	1	7	0	0	0	32	104.0	7.6	1.8	8.1	2.7	8.1	9.5	1.17
488	489.0	T.J. Zeuch\zeuchtj01	25.0	TOR	AL	0	2	0.0	6.75	4	2	0	0	0	0	12.0	16	13	9	5	7	0	6	0	0	0	57	65.0	9.26	1.9169999999999998	12.0	3.8	5.3	4.5	0.86
489	490.0	Kyle Zimmer\zimmeky01	29.0	KCR	AL	1	0	1.0	4.22	8	0	2	0	0	1	10.2	7	5	5	1	3	0	9	0	0	2	39	109.0	3.47	0.938	5.9	0.8	2.5	7.6	3.0
490	491.0	Bruce Zimmermann*\zimmebr02	26.0	BAL	AL	1	2	0.33299999999999996	4.57	4	4	0	0	0	0	21.2	23	11	11	4	7	0	15	0	0	0	90	95.0	5.08	1.385	9.6	1.7	2.9	6.2	2.14
491	492.0	Tyler Zuber\zuberty01	26.0	KCR	AL	0	0		0.0	3	0	1	0	0	0	4.0	2	0	0	0	0	0	6	0	0	0	14		0.1	0.5	4.5	0.0	0.0	13.5	
492		LgAvg per 180 IP				10	10	0.5	4.05	90	21	20	0	0	5	180.0	158	90	81	23	70	3	187	10	1	9	766	104.0	4.05	1.264	7.9	1.2	3.5	9.4	2.68
